ID,Age,Gender,Race,Group,SelfMorality,SelfAbility,SelfSociability,SelfSolvingPuzzlesPred,SelfTeamCollabPred,Teammate,Morality,Ability,Sociability,FirstMeet,Interact,Like,Closeness,Similar,GoodNews,BadNews,LikeMeta,ClosenessMeta,SimilarMeta,SolvingPuzzlesPred,TeamCollabPred,Longest,Frequently,Leader,Influence
03E,25,1,5,3,8.75,6.0,6.75,5,6,03A,8.5,9.25,9.5,6,4,10,9,7,8,7,9,8,5,7,7,03C,03C,03A,03A
03E,25,1,5,3,8.75,6.0,6.75,5,6,03B,8.5,9.0,8.5,6,3,10,10,8,10,9,10,10,8,7,7,03C,03C,03A,03A
03E,25,1,5,3,8.75,6.0,6.75,5,6,03D,10.0,8.0,8.75,6,1,10,10,8,10,10,10,10,7,7,7,03C,03C,03A,03A
03E,25,1,5,3,8.75,6.0,6.75,5,6,03C,8.75,8.25,8.0,6,1,10,10,9,10,10,10,10,8,7,7,03C,03C,03A,03A
03C,66,2,5,3,10.0,6.5,9.0,5,9,03A,9.0,8.75,8.25,6,1,10,10,8,10,10,9,9,7,7,8,03D,03D,03A,03A
03C,66,2,5,3,10.0,6.5,9.0,5,9,03B,9.25,8.5,9.0,6,4,9,8,7,8,6,9,7,6,7,7,03D,03D,03A,03A
03C,66,2,5,3,10.0,6.5,9.0,5,9,03D,8.25,6.0,8.0,6,1,10,10,,10,10,10,10,6,7,7,03D,03D,03A,03A
03C,66,2,5,3,10.0,6.5,9.0,5,9,03E,9.25,6.5,9.5,6,1,10,10,8,10,10,10,10,8,6,8,03D,03D,03A,03A
03A,65,2,5,3,10.0,9.0,10.0,7,9,03B,10.0,9.25,10.0,6,1,10,10,8,10,10,10,10,10,8,10,03B,03B,03D,03B
03A,65,2,5,3,10.0,9.0,10.0,7,9,03C,10.0,9.25,10.0,6,2,10,10,10,10,10,10,10,10,6,10,03B,03B,03D,03B
03A,65,2,5,3,10.0,9.0,10.0,7,9,03D,10.0,8.75,10.0,6,3,10,6,6,5,5,10,5,5,8,9,03B,03B,03D,03B
03A,65,2,5,3,10.0,9.0,10.0,7,9,03E,10.0,7.0,9.5,6,5,10,,0,0,0,10,8,0,9,10,03B,03B,03D,03B
02C,21,2,3,2,10.0,8.25,8.75,7,7,02D,8.25,6.0,7.0,4,1,10,10,9,10,10,10,10,9,7,7,02B,02E,02B,02C
02C,21,2,3,2,10.0,8.25,8.75,7,7,02E,8.75,4.75,9.25,4,1,10,10,2,10,10,10,10,2,7,9,02B,02E,02B,02C
02C,21,2,3,2,10.0,8.25,8.75,7,7,02A,9.25,6.0,9.0,4,2,10,7,4,7,8,10,7,3,9,8,02B,02E,02B,02C
02C,21,2,3,2,10.0,8.25,8.75,7,7,02B,9.75,8.0,6.5,4,1,10,10,2,10,10,10,10,2,9,7,02B,02E,02B,02C
02A,20,2,5,2,8.75,7.5,7.75,6,8,02B,8.0,8.25,7.25,4,1,10,10,9,10,10,10,10,7,10,7,02B,02B,02B,02B
02A,20,2,5,2,8.75,7.5,7.75,6,8,02C,9.75,8.25,8.0,4,1,8,6,6,6,7,7,7,5,6,7,02B,02B,02B,02B
02A,20,2,5,2,8.75,7.5,7.75,6,8,02D,9.0,5.5,7.0,4,2,6,5,2,4,5,6,5,3,6,7,02B,02B,02B,02B
02A,20,2,5,2,8.75,7.5,7.75,6,8,02E,8.0,6.75,8.0,3,2,6,4,7,6,3,5,4,6,6,10,02B,02B,02B,02B
02B,20,2,4,2,8.0,8.5,7.25,8,10,02A,9.25,7.0,6.75,4,1,10,10,7,10,10,10,10,8,7,7,02D,02A,02B,02B
02B,20,2,4,2,8.0,8.5,7.25,8,10,02C,9.25,7.0,8.0,4,1,10,8,7,9,7,9,8,7,8,7,02D,02A,02B,02B
02B,20,2,4,2,8.0,8.5,7.25,8,10,02D,8.75,6.25,7.75,5,2,9,9,3,9,7,8,8,3,5,6,02D,02A,02B,02B
02B,20,2,4,2,8.0,8.5,7.25,8,10,02E,8.5,7.75,9.0,4,2,10,6,3,7,5,8,5,3,9,7,02D,02A,02B,02B
03B,25,2,5,3,10.0,9.5,10.0,8,10,03A,10.0,10.0,10.0,6,1,10,10,10,10,10,10,10,10,10,10,03A,03A,03D,03A
03B,25,2,5,3,10.0,9.5,10.0,8,10,03C,10.0,10.0,10.0,6,2,10,10,10,10,10,10,10,10,10,10,03A,03A,03D,03A
03B,25,2,5,3,10.0,9.5,10.0,8,10,03E,10.0,10.0,10.0,6,2,10,10,10,10,10,10,10,10,10,10,03A,03A,03D,03A
03B,25,2,5,3,10.0,9.5,10.0,8,10,03D,10.0,10.0,10.0,6,3,10,10,10,10,10,10,10,10,10,10,03A,03A,03D,03A
02D,20,2,5,2,10.0,8.0,10.0,3,6,02A,10.0,9.5,10.0,3,3,7,6,3,3,3,6,4,6,10,8,02B,02C,02C,02C
02D,20,2,5,2,10.0,8.0,10.0,3,6,02B,10.0,10.0,9.75,4,1,10,9,6,10,10,10,8,9,10,10,02B,02C,02C,02C
02D,20,2,5,2,10.0,8.0,10.0,3,6,02C,10.0,9.5,10.0,4,1,10,10,10,10,10,10,10,10,7,6,02B,02C,02C,02C
02D,20,2,5,2,10.0,8.0,10.0,3,6,02E,10.0,7.75,10.0,3,3,8,6,3,3,3,4,3,3,10,10,02B,02C,02C,02C
03D,65,1,5,3,9.25,7.5,8.75,7,9,03C,8.75,7.75,8.75,6,1,10,10,8,10,10,10,10,10,7,7,03C,03C,03D,03D
03D,65,1,5,3,9.25,7.5,8.75,7,9,03E,9.0,7.0,10.0,6,1,10,10,9,10,10,10,10,10,9,9,03C,03C,03D,03D
03D,65,1,5,3,9.25,7.5,8.75,7,9,03B,6.0,7.25,8.0,6,5,8,7,6,4,4,7,7,7,6,7,03C,03C,03D,03D
03D,65,1,5,3,9.25,7.5,8.75,7,9,03A,8.0,7.25,8.0,6,3,8,8,7,,,8,8,8,7,7,03C,03C,03D,03D
06E,27,1,5,6,9.0,8.25,6.0,6,6,06A,9.25,8.75,9.5,4,6,10,10,9,10,10,10,10,9,10,10,06C,06D,06A,06D
06E,27,1,5,6,9.0,8.25,6.0,6,6,06B,10.0,10.0,9.75,4,6,10,10,10,10,10,10,10,10,10,10,06C,06D,06A,06D
06E,27,1,5,6,9.0,8.25,6.0,6,6,06C,9.75,10.0,10.0,4,4,10,10,9,10,9,10,10,9,9,9,06C,06D,06A,06D
06E,27,1,5,6,9.0,8.25,6.0,6,6,06D,3.0,2.5,0.0,4,1,10,10,10,10,10,10,10,10,10,10,06C,06D,06A,06D
06A,24,2,2,6,7.75,6.75,7.0,6,8,06B,6.75,6.25,5.25,4,1,7,7,,9,9,8,7,5,7,7,06B,06B,06A,06A
06A,24,2,2,6,7.75,6.75,7.0,6,8,06C,7.0,6.0,6.5,4,3,6,6,6,6,3,6,6,6,8,8,06B,06B,06A,06A
06A,24,2,2,6,7.75,6.75,7.0,6,8,06D,6.75,5.75,7.75,4,1,8,8,6,8,8,8,8,6,6,8,06B,06B,06A,06A
06A,24,2,2,6,7.75,6.75,7.0,6,8,06E,6.75,6.5,6.5,4,5,6,4,7,6,3,6,4,7,8,8,06B,06B,06A,06A
06C,24,1,5,6,9.5,5.75,6.5,2,4,06B,7.5,8.5,6.25,4,1,10,10,5,10,10,10,10,5,6,4,06E,06B,06A,06D
06C,24,1,5,6,9.5,5.75,6.5,2,4,06E,9.5,6.5,8.5,5,4,8,5,8,7,5,8,5,7,7,8,06E,06B,06A,06D
06C,24,1,5,6,9.5,5.75,6.5,2,4,06A,9.5,8.0,6.25,4,3,6,4,3,3,3,5,3,3,5,5,06E,06B,06A,06D
06C,24,1,5,6,9.5,5.75,6.5,2,4,06D,9.5,8.75,9.0,4,4,6,4,2,2,2,5,2,2,5,9,06E,06B,06A,06D
05D,23,2,5,5,9.25,8.0,8.5,8,8,05A,8.75,10.0,7.0,5,3,10,7,7,6,6,8,8,8,10,7,05E,05B,05A,05B
05D,23,2,5,5,9.25,8.0,8.5,8,8,05B,10.0,9.25,8.0,5,2,10,10,9,10,10,10,10,10,10,10,05E,05B,05A,05B
05D,23,2,5,5,9.25,8.0,8.5,8,8,05C,8.75,9.0,8.25,6,4,8,8,6,5,5,7,6,5,8,8,05E,05B,05A,05B
05D,23,2,5,5,9.25,8.0,8.5,8,8,05E,9.0,7.0,8.0,6,3,7,7,6,5,5,7,7,8,7,8,05E,05B,05A,05B
05A,23,2,5,5,9.0,7.75,7.5,8,6,05B,4.0,9.0,3.0,5,3,4,6,6,8,3,7,6,6,8,6,05E,05E,05A,05B
05A,23,2,5,5,9.0,7.75,7.5,8,6,05C,6.0,7.75,4.25,6,4,7,8,6,8,7,8,6,3,7,5,05E,05E,05A,05B
05A,23,2,5,5,9.0,7.75,7.5,8,6,05D,7.75,7.75,7.75,5,3,7,6,6,9,6,8,6,8,7,9,05E,05E,05A,05B
05A,23,2,5,5,9.0,7.75,7.5,8,6,05E,7.25,7.75,6.0,6,2,10,9,8,10,10,9,9,8,8,5,05E,05E,05A,05B
06D,25,2,2,6,9.75,8.75,8.5,8,9,06E,10.0,10.0,9.75,1,1,10,10,6,10,10,10,10,10,10,10,06A,06E,06A,06D
06D,25,2,2,6,9.75,8.75,8.5,8,9,06A,10.0,10.0,10.0,2,2,10,10,10,10,10,10,10,10,10,10,06A,06E,06A,06D
06D,25,2,2,6,9.75,8.75,8.5,8,9,06B,10.0,10.0,10.0,3,3,10,10,6,10,10,10,10,10,10,10,06A,06E,06A,06D
06D,25,2,2,6,9.75,8.75,8.5,8,9,06C,10.0,10.0,10.0,3,4,10,10,3,4,2,10,10,10,10,10,06A,06E,06A,06D
02E,21,1,5,2,9.0,6.25,7.5,7,9,02A,8.75,6.25,7.0,3,3,5,3,2,3,4,6,3,3,4,6,02C,02C,02C,02A
02E,21,1,5,2,9.0,6.25,7.5,7,9,02B,8.0,5.75,7.75,3,2,8,5,3,3,4,7,4,4,6,7,02C,02C,02C,02A
02E,21,1,5,2,9.0,6.25,7.5,7,9,02C,9.5,8.0,8.75,3,1,10,10,5,10,10,10,10,7,7,8,02C,02C,02C,02A
02E,21,1,5,2,9.0,6.25,7.5,7,9,02D,6.5,6.25,5.75,3,3,6,4,2,2,2,6,4,2,5,5,02C,02C,02C,02A
06B,25,2,2,6,9.5,8.75,6.5,7,7,06C,10.0,10.0,9.5,4,1,10,10,9,10,10,10,10,8,9,10,06A,06C,06A,06B
06B,25,2,2,6,9.5,8.75,6.5,7,7,06D,9.5,8.75,9.0,4,3,10,10,9,10,7,10,9,9,9,10,06A,06C,06A,06B
06B,25,2,2,6,9.5,8.75,6.5,7,7,06A,10.0,9.25,8.25,5,2,10,10,9,10,10,10,10,8,10,10,06A,06C,06A,06B
06B,25,2,2,6,9.5,8.75,6.5,7,7,06E,10.0,9.0,8.5,4,4,9,5,6,,,5,5,5,10,10,06A,06C,06A,06B
05B,24,2,5,5,9.25,7.0,7.5,5,8,05A,8.5,8.25,6.25,5,3,9,8,6,5,2,9,8,8,10,8,05C,05E,05B,05A
05B,24,2,5,5,9.25,7.0,7.5,5,8,05E,9.5,6.5,9.0,5,3,10,10,8,10,7,10,10,7,10,9,05C,05E,05B,05A
05B,24,2,5,5,9.25,7.0,7.5,5,8,05C,8.75,8.75,6.25,6,3,9,9,4,9,7,9,9,5,10,9,05C,05E,05B,05A
05B,24,2,5,5,9.25,7.0,7.5,5,8,05D,10.0,8.75,9.5,5,3,10,10,8,10,8,10,10,8,10,10,05C,05E,05B,05A
05C,23,2,5,5,9.75,8.75,6.5,7,8,05A,6.75,7.0,6.25,6,4,10,8,8,10,8,8,7,7,9,8,05D,05B,05B,05B
05C,23,2,5,5,9.75,8.75,6.5,7,8,05B,8.0,9.25,8.75,6,3,10,10,6,10,10,10,10,7,10,8,05D,05B,05B,05B
05C,23,2,5,5,9.75,8.75,6.5,7,8,05D,10.0,10.0,9.0,6,5,8,5,5,5,5,5,5,5,10,10,05D,05B,05B,05B
05C,23,2,5,5,9.75,8.75,6.5,7,8,05E,8.0,6.25,7.25,6,5,7,7,5,7,5,7,7,7,7,6,05D,05B,05B,05B
05E,23,2,5,5,9.25,5.75,6.0,7,7,05A,9.0,10.0,6.75,6,3,10,10,7,7,4,8,10,7,10,6,05D,05B,05B,05B
05E,23,2,5,5,9.25,5.75,6.0,7,7,05B,9.0,10.0,8.5,5,4,10,8,6,8,6,8,8,3,8,8,05D,05B,05B,05B
05E,23,2,5,5,9.25,5.75,6.0,7,7,05D,9.0,10.0,7.75,6,3,7,6,6,2,2,4,4,3,10,3,05D,05B,05B,05B
05E,23,2,5,5,9.25,5.75,6.0,7,7,05C,9.25,10.0,6.0,6,5,8,6,2,2,2,4,4,1,8,4,05D,05B,05B,05B
12B,25,1,5,12,7.75,4.75,4.5,7,5,12A,8.75,4.75,9.25,5,1,10,10,6,10,8,10,10,6,6,8,12D,12A,12B,12C
12B,25,1,5,12,7.75,4.75,4.5,7,5,12C,6.25,7.25,6.5,5,3,9,6,3,7,1,7,3,3,9,5,12D,12A,12B,12C
12B,25,1,5,12,7.75,4.75,4.5,7,5,12D,6.75,6.0,8.25,6,4,9,5,8,6,1,8,5,8,6,9,12D,12A,12B,12C
12B,25,1,5,12,7.75,4.75,4.5,7,5,12E,5.0,5.0,6.0,5,5,6,0,4,0,0,6,0,4,6,6,12D,12A,12B,12C
12C,25,1,2,12,9.25,8.0,7.25,9,7,12A,10.0,6.5,9.5,5,2,9,8,6,7,7,8,7,6,6,8,12B,12B,12B,12B
12C,25,1,2,12,9.25,8.0,7.25,9,7,12B,9.0,8.0,7.0,5,2,9,9,8,7,6,8,8,8,9,7,12B,12B,12B,12B
12C,25,1,2,12,9.25,8.0,7.25,9,7,12D,10.0,6.0,8.5,5,5,8,2,5,2,2,6,2,5,6,9,12B,12B,12B,12B
12C,25,1,2,12,9.25,8.0,7.25,9,7,12E,5.0,5.0,5.0,1,6,5,0,5,0,0,4,0,5,7,7,12B,12B,12B,12B
12A,25,2,5,12,9.5,5.25,8.5,6,7,12B,9.5,7.5,9.5,5,1,10,10,8,10,10,10,10,7,10,10,12B,12B,12B,12C
12A,25,2,5,12,9.5,5.25,8.5,6,7,12C,9.5,7.75,9.25,5,4,9,8,7,5,5,7,7,6,10,10,12B,12B,12B,12C
12A,25,2,5,12,9.5,5.25,8.5,6,7,12E,6.5,6.0,7.5,4,5,7,4,5,3,3,6,6,7,6,9,12B,12B,12B,12C
12A,25,2,5,12,9.5,5.25,8.5,6,7,12D,9.25,7.25,9.5,4,5,9,7,8,5,5,7,6,7,7,8,12B,12B,12B,12C
19C,28,1,5,19,9.5,10.0,9.0,9,9,19A,10.0,9.75,9.5,6,2,10,9,7,9,9,10,9,7,8,10,19A,19B,19B,19C
19C,28,1,5,19,9.5,10.0,9.0,9,9,19B,10.0,10.0,9.5,3,1,10,10,8,10,10,10,10,8,10,10,19A,19B,19B,19C
19C,28,1,5,19,9.5,10.0,9.0,9,9,19D,8.75,8.25,8.0,2,3,10,6,5,7,2,9,6,4,7,10,19A,19B,19B,19C
19C,28,1,5,19,9.5,10.0,9.0,9,9,19E,10.0,9.0,9.25,6,1,10,8,6,9,7,10,8,7,10,10,19A,19B,19B,19C
19B,26,2,5,19,8.75,9.0,6.5,8,8,19A,9.75,8.5,9.25,3,2,10,9,7,10,9,9,8,8,9,10,19C,19C,19C,19C
19B,26,2,5,19,8.75,9.0,6.5,8,8,19C,9.5,9.75,9.75,3,1,10,10,9,10,10,10,10,9,10,10,19C,19C,19C,19C
19B,26,2,5,19,8.75,9.0,6.5,8,8,19D,10.0,9.5,9.0,2,3,10,6,5,7,2,9,5,4,10,10,19C,19C,19C,19C
19B,26,2,5,19,8.75,9.0,6.5,8,8,19E,10.0,9.25,9.25,3,1,10,8,7,9,7,10,8,7,10,10,19C,19C,19C,19C
19A,26,1,5,19,7.75,7.5,6.75,7,8,19B,6.25,8.0,5.75,3,3,7,6,6,7,3,7,5,6,7,6,19C,19D,19C,19B
19A,26,1,5,19,7.75,7.5,6.75,7,8,19C,6.25,8.5,8.0,6,3,10,9,7,8,5,9,8,8,10,10,19C,19D,19C,19B
19A,26,1,5,19,7.75,7.5,6.75,7,8,19D,7.25,7.75,9.5,2,2,10,7,6,9,9,9,8,6,4,10,19C,19D,19C,19B
19A,26,1,5,19,7.75,7.5,6.75,7,8,19E,5.25,5.75,5.25,6,3,7,3,3,3,1,7,3,3,10,6,19C,19D,19C,19B
16B,27,2,6,16,8.5,4.5,8.0,6,6,16C,8.0,8.0,10.0,5,2,10,4,4,0,0,5,0,3,7,10,16A,16E,16A,16A
16B,27,2,6,16,8.5,4.5,8.0,6,6,16A,8.25,9.5,7.75,5,2,10,7,7,7,0,7,7,7,10,7,16A,16E,16A,16A
16B,27,2,6,16,8.5,4.5,8.0,6,6,16D,9.0,8.75,6.75,4,2,8,4,1,0,0,6,5,5,10,10,16A,16E,16A,16A
16B,27,2,6,16,8.5,4.5,8.0,6,6,16E,10.0,8.5,10.0,5,2,8,4,1,0,0,7,4,5,10,10,16A,16E,16A,16A
15B,29,2,5,15,8.0,4.0,6.75,4,6,15A,7.0,7.0,7.0,3,2,7,1,3,7,3,7,2,4,8,4,15C,15D,15A,15A
15B,29,2,5,15,8.0,4.0,6.75,4,6,15C,7.0,4.5,8.75,4,3,7,0,2,0,0,7,0,2,6,9,15C,15D,15A,15A
15B,29,2,5,15,8.0,4.0,6.75,4,6,15D,5.25,0.5,2.0,4,1,6,0,0,0,0,4,0,0,1,4,15C,15D,15A,15A
15B,29,2,5,15,8.0,4.0,6.75,4,6,15E,6.0,6.0,6.0,4,6,6,0,5,0,0,6,0,4,6,6,15C,15D,15A,15A
09D,20,1,5,9,8.25,6.0,7.5,7,8,09A,7.5,7.75,5.25,3,1,6,3,5,7,6,3,4,4,7,7,09C,09C,09E,09E
09D,20,1,5,9,8.25,6.0,7.5,7,8,09B,8.0,7.25,6.75,3,3,7,6,2,6,4,6,4,4,6,7,09C,09C,09E,09E
09D,20,1,5,9,8.25,6.0,7.5,7,8,09C,7.5,5.25,10.0,3,1,10,10,10,10,10,10,10,10,7,7,09C,09C,09E,09E
09D,20,1,5,9,8.25,6.0,7.5,7,8,09E,6.5,9.75,7.75,3,2,8,7,4,7,4,7,5,5,10,10,09C,09C,09E,09E
09C,20,3,5,9,8.0,6.5,6.5,7,8,09D,8.0,7.0,8.5,3,1,10,10,8,10,8,10,10,8,10,8,09D,09A,09E,09E
09C,20,3,5,9,8.0,6.5,6.5,7,8,09E,9.75,8.75,6.75,3,2,7,6,4,8,1,7,6,2,8,8,09D,09A,09E,09E
09C,20,3,5,9,8.0,6.5,6.5,7,8,09B,6.25,7.75,7.0,3,3,8,6,1,8,1,7,6,1,6,4,09D,09A,09E,09E
09C,20,3,5,9,8.0,6.5,6.5,7,8,09A,8.5,5.5,3.0,3,1,10,10,6,10,10,10,10,6,8,2,09D,09A,09E,09E
09A,20,1,5,9,8.0,7.5,6.0,7,6,09C,8.0,7.75,9.5,3,1,10,10,5,10,10,10,10,5,7,9,09E,09C,09E,09A
09A,20,1,5,9,8.0,7.5,6.0,7,6,09D,7.0,9.25,9.0,3,1,9,7,4,6,5,7,6,3,10,10,09E,09C,09E,09A
09A,20,1,5,9,8.0,7.5,6.0,7,6,09E,9.0,9.25,8.5,3,2,8,7,5,7,4,8,7,5,8,9,09E,09C,09E,09A
09A,20,1,5,9,8.0,7.5,6.0,7,6,09B,6.5,8.5,7.25,3,3,6,2,0,3,1,5,2,1,8,6,09E,09C,09E,09A
09E,19,2,5,9,7.25,9.0,5.25,5,5,09A,7.25,8.0,4.25,4,1,7,6,7,4,3,4,4,5,6,6,09B,09C,09E,09C
09E,19,2,5,9,7.25,9.0,5.25,5,5,09B,5.75,10.0,8.75,4,3,10,8,6,7,4,6,6,6,8,9,09B,09C,09E,09C
09E,19,2,5,9,7.25,9.0,5.25,5,5,09C,9.0,6.25,9.5,4,1,10,7,7,7,4,6,6,6,7,10,09B,09C,09E,09C
09E,19,2,5,9,7.25,9.0,5.25,5,5,09D,3.75,5.5,6.75,4,1,7,5,5,5,2,5,5,4,7,7,09B,09C,09E,09C
12D,26,2,5,12,9.75,7.0,9.0,2,5,12E,8.5,7.75,9.25,6,1,10,10,7,10,10,10,10,8,8,8,12B,12E,12B,12B
12D,26,2,5,12,9.75,7.0,9.0,2,5,12B,9.25,8.5,8.5,6,4,9,7,8,6,5,7,5,5,8,8,12B,12E,12B,12B
12D,26,2,5,12,9.75,7.0,9.0,2,5,12A,10.0,6.0,9.25,4,6,8,4,5,5,4,6,4,5,5,8,12B,12E,12B,12B
12D,26,2,5,12,9.75,7.0,9.0,2,5,12C,6.25,6.75,9.25,6,6,7,3,5,2,2,6,4,5,10,10,12B,12E,12B,12B
12E,24,1,5,12,9.0,6.0,5.75,6,7,12A,10.0,7.75,8.25,4,5,7,3,4,0,0,6,2,5,8,8,12D,12D,12B,12B
12E,24,1,5,12,9.0,6.0,5.75,6,7,12B,9.5,8.25,7.75,5,5,8,2,6,0,0,7,5,5,6,8,12D,12D,12B,12B
12E,24,1,5,12,9.0,6.0,5.75,6,7,12C,5.0,5.0,5.0,5,6,5,0,5,0,0,5,0,5,8,8,12D,12D,12B,12B
12E,24,1,5,12,9.0,6.0,5.75,6,7,12D,10.0,7.0,10.0,6,1,10,10,6,10,10,10,10,8,6,10,12D,12D,12B,12B
15A,41,1,5,15,9.5,8.0,8.25,7,8,15B,10.0,7.75,9.5,4,2,8,5,5,5,5,7,4,5,8,9,15B,15B,15A,15A
15A,41,1,5,15,9.5,8.0,8.25,7,8,15C,10.0,7.25,9.25,4,2,8,6,6,6,5,7,6,5,8,10,15B,15B,15A,15A
15A,41,1,5,15,9.5,8.0,8.25,7,8,15D,9.5,6.25,5.25,4,2,5,4,3,1,1,5,4,3,6,7,15B,15B,15A,15A
15A,41,1,5,15,9.5,8.0,8.25,7,8,15E,10.0,5.0,5.0,3,6,5,2,5,0,0,5,0,3,8,9,15B,15B,15A,15A
10C,38,1,4,10,9.5,7.5,9.25,6,7,10E,8.0,7.25,8.25,6,5,8,7,6,7,6,7,6,6,6,9,10B,10B,10C,10B
10C,38,1,4,10,9.5,7.5,9.25,6,7,10B,9.5,6.75,8.25,6,1,10,10,10,10,10,10,10,10,7,10,10B,10B,10C,10B
10C,38,1,4,10,9.5,7.5,9.25,6,7,10D,10.0,8.5,10.0,6,5,9,9,7,9,9,9,8,7,10,10,10B,10B,10C,10B
10C,38,1,4,10,9.5,7.5,9.25,6,7,10A,9.0,6.0,6.5,4,5,7,4,4,2,2,7,6,4,6,8,10B,10B,10C,10B
15C,30,1,4,15,8.75,5.25,7.0,4,7,15A,7.5,8.0,9.0,4,2,7,7,6,7,7,6,6,7,7,8,15D,15A,15A,15A
15C,30,1,4,15,8.75,5.25,7.0,4,7,15B,8.25,8.25,9.0,4,3,7,5,3,1,1,6,2,0,10,9,15D,15A,15A,15A
15C,30,1,4,15,8.75,5.25,7.0,4,7,15D,8.25,8.0,9.5,4,3,8,7,5,4,2,7,7,3,7,9,15D,15A,15A,15A
15C,30,1,4,15,8.75,5.25,7.0,4,7,15E,7.25,8.0,8.25,4,2,8,5,5,4,3,7,4,3,8,8,15D,15A,15A,15A
16C,33,2,5,16,10.0,7.75,8.0,7,8,16A,9.5,7.25,7.0,5,2,9,9,2,10,10,9,9,9,9,9,16A,16A,16A,16D
16C,33,2,5,16,10.0,7.75,8.0,7,8,16B,10.0,8.5,9.75,4,2,10,6,8,6,3,7,5,9,9,10,16A,16A,16A,16D
16C,33,2,5,16,10.0,7.75,8.0,7,8,16D,9.5,9.75,6.75,4,3,7,3,4,2,2,6,2,1,9,7,16A,16A,16A,16D
16C,33,2,5,16,10.0,7.75,8.0,7,8,16E,10.0,8.75,8.75,5,3,8,7,6,7,2,7,6,4,10,10,16A,16A,16A,16D
16A,39,1,5,16,9.5,6.75,7.25,6,8,16B,8.75,6.0,9.75,4,2,8,6,2,3,3,7,2,2,6,8,16E,16C,16A,16A
16A,39,1,5,16,9.5,6.75,7.25,6,8,16C,9.0,7.25,9.75,5,1,9,9,8,9,9,9,8,8,7,9,16E,16C,16A,16A
16A,39,1,5,16,9.5,6.75,7.25,6,8,16D,8.25,9.25,8.5,4,3,8,2,5,2,2,8,2,5,10,9,16E,16C,16A,16A
16A,39,1,5,16,9.5,6.75,7.25,6,8,16E,10.0,7.75,9.25,5,2,10,8,6,6,4,9,8,6,10,10,16E,16C,16A,16A
16E,37,1,5,16,6.5,5.75,6.5,7,7,16A,7.25,6.25,4.5,5,2,7,4,8,6,2,6,6,8,9,7,16A,16A,16A,16D
16E,37,1,5,16,6.5,5.75,6.5,7,7,16B,8.0,5.5,8.5,5,1,7,3,4,3,1,6,4,4,7,9,16A,16A,16A,16D
16E,37,1,5,16,6.5,5.75,6.5,7,7,16D,6.0,8.5,5.5,4,2,7,2,4,2,0,6,3,4,8,9,16A,16A,16A,16D
16E,37,1,5,16,6.5,5.75,6.5,7,7,16C,8.0,8.25,9.25,5,2,8,6,4,6,3,7,6,4,6,10,16A,16A,16A,16D
16D,33,1,2,16,9.25,7.25,9.5,10,10,16A,8.0,6.25,6.0,4,4,8,1,4,1,1,3,0,6,10,9,16E,16E,16A,16D
16D,33,1,2,16,9.25,7.25,9.5,10,10,16B,8.25,5.5,9.25,4,2,6,0,2,1,1,3,1,0,6,9,16E,16E,16A,16D
16D,33,1,2,16,9.25,7.25,9.5,10,10,16C,6.0,5.0,7.0,4,3,5,0,0,0,0,2,0,0,4,10,16E,16E,16A,16D
16D,33,1,2,16,9.25,7.25,9.5,10,10,16E,8.5,8.75,8.25,4,2,6,0,3,1,1,3,0,6,10,10,16E,16E,16A,16D
15D,32,2,2,15,10.0,10.0,8.0,7,7,15A,8.5,9.25,8.5,3,2,8,8,7,7,8,7,7,7,8,8,15B,15B,15A,15A
15D,32,2,2,15,10.0,10.0,8.0,7,7,15B,7.0,6.75,7.25,4,1,6,6,3,6,6,6,6,6,8,8,15B,15B,15A,15A
15D,32,2,2,15,10.0,10.0,8.0,7,7,15E,8.0,7.5,7.0,3,4,7,7,7,7,6,6,6,6,8,8,15B,15B,15A,15A
15D,32,2,2,15,10.0,10.0,8.0,7,7,15C,8.25,8.0,8.0,4,3,8,8,6,8,6,8,8,8,8,8,15B,15B,15A,15A
10A,35,2,6,10,8.0,6.5,7.25,4,3,10E,8.25,7.25,9.0,4,1,9,9,7,10,10,10,9,7,9,10,10E,10E,10B,10E
10A,35,2,6,10,8.0,6.5,7.25,4,3,10B,5.75,6.5,3.75,4,3,3,3,3,0,0,1,1,1,8,7,10E,10E,10B,10E
10A,35,2,6,10,8.0,6.5,7.25,4,3,10C,7.25,7.0,7.25,4,4,6,6,6,4,4,6,6,6,8,7,10E,10E,10B,10E
10A,35,2,6,10,8.0,6.5,7.25,4,3,10D,6.5,8.0,6.0,4,4,6,6,7,4,4,4,4,4,7,7,10E,10E,10B,10E
19D,24,2,5,19,10.0,9.0,10.0,6,8,19A,10.0,10.0,9.25,2,2,10,10,7,10,10,10,8,7,10,10,19A,19A,19B,19B
19D,24,2,5,19,10.0,9.0,10.0,6,8,19B,10.0,10.0,10.0,2,3,8,7,5,5,5,8,6,6,10,10,19A,19A,19B,19B
19D,24,2,5,19,10.0,9.0,10.0,6,8,19C,10.0,10.0,9.5,2,3,10,7,6,4,4,7,5,5,10,10,19A,19A,19B,19B
19D,24,2,5,19,10.0,9.0,10.0,6,8,19E,8.5,8.5,10.0,2,3,10,5,5,3,3,7,5,4,10,10,19A,19A,19B,19B
10B,36,2,5,10,10.0,6.0,8.25,6,8,10E,10.0,6.75,6.75,6,1,10,10,10,10,10,10,10,10,7,7,10E,10C,10E,10E
10B,36,2,5,10,10.0,6.0,8.25,6,8,10C,10.0,7.0,8.25,6,1,10,10,8,10,10,10,10,7,7,9,10E,10C,10E,10E
10B,36,2,5,10,10.0,6.0,8.25,6,8,10A,5.0,5.0,6.25,4,6,2,0,0,0,0,2,0,0,5,5,10E,10C,10E,10E
10B,36,2,5,10,10.0,6.0,8.25,6,8,10D,9.0,8.75,6.75,6,1,10,10,10,10,10,10,10,10,8,9,10E,10C,10E,10E
15E,23,1,2,15,9.25,9.0,9.0,8,10,15A,9.25,8.5,8.75,2,4,6,0,5,0,0,5,0,4,9,9,15C,15C,15A,15A
15E,23,1,2,15,9.25,9.0,9.0,8,10,15B,10.0,8.5,9.5,4,4,6,0,5,0,0,5,0,3,8,10,15C,15C,15A,15A
15E,23,1,2,15,9.25,9.0,9.0,8,10,15C,9.0,8.5,9.25,4,3,7,2,3,0,0,6,1,4,8,9,15C,15C,15A,15A
15E,23,1,2,15,9.25,9.0,9.0,8,10,15D,9.75,9.0,9.25,4,4,6,0,6,0,0,6,0,6,8,9,15C,15C,15A,15A
14A,25,1,5,14,8.75,7.25,8.25,9,9,14B,9.25,7.75,9.0,6,3,9,6,7,7,4,8,6,8,8,10,14D,14E,14D,14A
14A,25,1,5,14,8.75,7.25,8.25,9,9,14C,8.5,9.0,7.0,6,3,9,9,6,9,7,9,8,6,10,8,14D,14E,14D,14A
14A,25,1,5,14,8.75,7.25,8.25,9,9,14D,9.75,9.75,9.0,6,3,10,9,8,9,9,9,8,8,9,10,14D,14E,14D,14A
14A,25,1,5,14,8.75,7.25,8.25,9,9,14E,9.75,9.25,9.75,6,3,9,9,8,9,8,9,8,8,10,10,14D,14E,14D,14A
14D,27,1,5,14,8.75,9.5,8.75,8,8,14A,10.0,8.0,9.25,6,2,10,9,7,10,8,9,8,7,8,9,14A,14E,14A,14B
14D,27,1,5,14,8.75,9.5,8.75,8,8,14B,10.0,7.75,10.0,6,4,9,7,6,8,5,8,5,5,10,10,14A,14E,14A,14B
14D,27,1,5,14,8.75,9.5,8.75,8,8,14C,6.75,9.0,6.0,6,2,9,9,5,10,5,9,8,8,8,6,14A,14E,14A,14B
14D,27,1,5,14,8.75,9.5,8.75,8,8,14E,8.5,7.75,9.0,6,1,10,10,7,10,10,9,10,6,8,9,14A,14E,14A,14B
10E,36,2,4,10,9.0,8.25,8.0,7,8,10A,9.25,7.0,4.75,4,1,9,10,5,10,10,9,10,4,7,4,10B,10B,10E,10D
10E,36,2,4,10,9.0,8.25,8.0,7,8,10B,9.25,8.25,8.0,6,1,10,10,10,10,10,10,9,10,10,6,10B,10B,10E,10D
10E,36,2,4,10,9.0,8.25,8.0,7,8,10C,9.75,8.5,8.75,5,3,9,8,7,6,6,8,7,7,8,9,10B,10B,10E,10D
10E,36,2,4,10,9.0,8.25,8.0,7,8,10D,8.75,9.0,6.75,6,3,8,9,7,8,8,10,9,10,10,3,10B,10B,10E,10D
10D,27,2,5,10,6.75,5.5,5.75,4,6,10B,5.25,2.25,3.25,6,1,10,10,10,10,10,10,10,9,6,6,10B,10B,10B,10D
10D,27,2,5,10,6.75,5.5,5.75,4,6,10C,10.0,6.0,6.0,5,3,10,3,4,7,6,8,7,4,6,6,10B,10B,10B,10D
10D,27,2,5,10,6.75,5.5,5.75,4,6,10E,5.0,6.0,6.0,6,3,9,2,6,6,6,6,3,6,4,4,10B,10B,10B,10D
10D,27,2,5,10,6.75,5.5,5.75,4,6,10A,4.0,4.0,4.0,1,6,4,0,0,0,0,0,0,0,4,4,10B,10B,10B,10D
09B,19,1,4,9,7.0,10.0,9.75,10,5,09E,9.25,10.0,10.0,4,3,10,8,8,8,9,9,8,6,9,10,09E,09E,09E,09E
09B,19,1,4,9,7.0,10.0,9.75,10,5,09A,7.5,6.0,3.5,4,3,1,0,2,0,0,5,2,3,3,6,09E,09E,09E,09E
09B,19,1,4,9,7.0,10.0,9.75,10,5,09C,9.5,8.5,10.0,4,3,10,8,6,7,9,10,8,6,8,10,09E,09E,09E,09E
09B,19,1,4,9,7.0,10.0,9.75,10,5,09D,9.0,7.75,10.0,4,3,9,7,6,7,8,8,7,6,10,10,09E,09E,09E,09E
18C,24,2,2,18,9.0,7.0,7.5,7,7,18E,5.0,5.0,5.0,3,2,8,6,8,6,6,6,6,7,7,7,18D,18D,18D,18E
18C,24,2,2,18,9.0,7.0,7.5,7,7,18D,7.25,8.0,8.0,3,2,8,8,7,8,8,7,8,8,8,8,18D,18D,18D,18E
18C,24,2,2,18,9.0,7.0,7.5,7,7,18A,8.0,8.0,8.0,3,2,8,8,7,8,8,8,8,8,8,8,18D,18D,18D,18E
18C,24,2,2,18,9.0,7.0,7.5,7,7,18B,5.0,5.0,5.0,1,6,5,0,5,0,0,5,5,5,5,5,18D,18D,18D,18E
18A,23,2,2,18,8.5,6.5,8.0,6,9,18B,8.5,7.75,7.0,5,1,10,10,7,10,10,10,10,7,8,8,18B,18B,18B,18E
18A,23,2,2,18,8.5,6.5,8.0,6,9,18C,8.0,7.25,8.5,3,2,10,7,6,10,10,8,7,7,8,8,18B,18B,18B,18E
18A,23,2,2,18,8.5,6.5,8.0,6,9,18D,8.5,7.25,9.0,3,2,10,7,7,8,7,8,7,7,7,8,18B,18B,18B,18E
18A,23,2,2,18,8.5,6.5,8.0,6,9,18E,7.25,7.5,7.75,3,2,8,7,7,7,7,8,7,7,7,8,18B,18B,18B,18E
18D,22,2,2,18,8.5,8.0,7.5,8,6,18A,8.5,7.0,9.0,2,3,9,7,6,6,3,7,6,6,8,9,18C,18E,18D,18E
18D,22,2,2,18,8.5,8.0,7.5,8,6,18B,6.0,5.75,6.0,1,6,6,1,4,1,1,6,2,4,8,6,18C,18E,18D,18E
18D,22,2,2,18,8.5,8.0,7.5,8,6,18C,8.5,7.75,8.25,2,2,9,8,9,7,7,8,7,7,7,7,18C,18E,18D,18E
18D,22,2,2,18,8.5,8.0,7.5,8,6,18E,5.75,7.25,6.0,2,1,7,9,6,9,7,9,9,8,6,4,18C,18E,18D,18E
18E,24,1,2,18,10.0,7.25,9.25,6,8,18B,8.5,5.75,5.0,2,4,5,3,1,5,5,7,2,1,8,8,18A,18D,18B,18E
18E,24,1,2,18,10.0,7.25,9.25,6,8,18A,10.0,8.5,9.75,3,2,9,8,6,9,9,8,8,4,7,10,18A,18D,18B,18E
18E,24,1,2,18,10.0,7.25,9.25,6,8,18C,9.75,8.0,9.25,2,2,7,7,3,9,9,8,7,2,7,10,18A,18D,18B,18E
18E,24,1,2,18,10.0,7.25,9.25,6,8,18D,10.0,8.75,9.5,2,1,9,9,7,10,10,9,8,5,7,10,18A,18D,18B,18E
04A,30,2,5,4,9.25,8.0,8.0,7,7,04E,9.25,9.5,9.25,6,5,9,7,7,7,3,9,7,7,10,10,04C,04B,04A,04A
04A,30,2,5,4,9.25,8.0,8.0,7,7,04B,8.5,6.5,8.25,4,1,10,10,6,10,10,10,10,6,8,9,04C,04B,04A,04A
04A,30,2,5,4,9.25,8.0,8.0,7,7,04C,9.25,8.25,8.5,6,2,9,9,6,10,10,9,8,6,8,8,04C,04B,04A,04A
04A,30,2,5,4,9.25,8.0,8.0,7,7,04D,8.25,9.5,8.0,6,2,9,8,8,8,8,9,8,8,9,8,04C,04B,04A,04A
18B,23,1,2,18,8.25,6.5,6.75,6,4,18A,8.75,8.0,8.75,5,1,10,10,8,10,10,10,10,10,7,9,18A,18A,18E,18E
18B,23,1,2,18,8.25,6.5,6.75,6,4,18C,6.0,5.5,6.0,2,6,3,1,4,0,0,2,1,1,4,5,18A,18A,18E,18E
18B,23,1,2,18,8.25,6.5,6.75,6,4,18D,6.0,5.5,6.0,2,6,2,1,5,0,0,1,0,1,7,6,18A,18A,18E,18E
18B,23,1,2,18,8.25,6.5,6.75,6,4,18E,5.75,5.75,5.75,2,6,3,2,2,0,0,3,2,3,6,7,18A,18A,18E,18E
04B,27,1,5,4,8.0,8.25,8.0,7,8,04A,8.5,8.5,8.5,4,1,10,8,9,9,9,8,9,8,9,8,04A,04A,04A,04A
04B,27,1,5,4,8.0,8.25,8.0,7,8,04C,8.5,8.25,8.0,4,3,8,6,7,6,6,6,6,6,9,9,04A,04A,04A,04A
04B,27,1,5,4,8.0,8.25,8.0,7,8,04D,7.75,8.25,7.25,2,6,6,4,4,6,6,6,4,4,7,8,04A,04A,04A,04A
04B,27,1,5,4,8.0,8.25,8.0,7,8,04E,6.25,8.0,6.0,1,6,4,4,4,2,2,3,1,1,6,8,04A,04A,04A,04A
21B,22,2,5,21,7.75,7.75,5.25,7,5,21A,7.75,5.5,7.5,4,1,8,8,4,10,7,7,6,3,2,9,21A,21A,21B,21A
21B,22,2,5,21,7.75,7.75,5.25,7,5,21C,6.0,5.0,6.75,2,1,8,4,1,6,3,6,2,1,4,7,21A,21A,21B,21A
21B,22,2,5,21,7.75,7.75,5.25,7,5,21D,5.0,5.0,5.0,1,6,5,0,0,0,0,5,0,0,5,5,21A,21A,21B,21A
21B,22,2,5,21,7.75,7.75,5.25,7,5,21E,5.0,5.0,5.0,1,6,5,0,0,0,0,5,0,0,5,5,21A,21A,21B,21A
04D,31,2,5,4,9.0,7.5,6.0,4,6,04A,8.75,5.0,4.5,6,2,8,6,5,7,7,7,7,7,8,8,04A,04A,04A,04A
04D,31,2,5,4,9.0,7.5,6.0,4,6,04B,5.0,5.0,5.0,2,6,5,5,5,5,5,5,5,5,5,5,04A,04A,04A,04A
04D,31,2,5,4,9.0,7.5,6.0,4,6,04C,5.0,5.0,5.0,5,6,5,5,5,5,5,5,5,5,5,5,04A,04A,04A,04A
04D,31,2,5,4,9.0,7.5,6.0,4,6,04E,5.0,5.0,5.0,1,6,5,5,5,5,5,5,5,5,5,5,04A,04A,04A,04A
04E,31,2,5,4,9.0,7.0,9.75,8,8,04A,9.25,8.25,7.5,6,5,9,6,6,8,8,7,6,6,8,8,04A,04A,04A,04A
04E,31,2,5,4,9.0,7.0,9.75,8,8,04B,5.0,5.0,5.0,1,6,0,0,0,0,0,0,0,0,5,5,04A,04A,04A,04A
04E,31,2,5,4,9.0,7.0,9.75,8,8,04C,7.0,7.0,7.0,5,6,8,2,2,0,0,5,1,4,8,8,04A,04A,04A,04A
04E,31,2,5,4,9.0,7.0,9.75,8,8,04D,5.0,5.0,5.0,1,6,0,0,0,0,0,0,0,0,5,5,04A,04A,04A,04A
22C,22,2,5,22,9.25,7.75,7.75,7,8,22A,9.75,10.0,9.75,4,3,10,8,8,9,6,10,8,9,10,10,22B,22B,22A,22A
22C,22,2,5,22,9.25,7.75,7.75,7,8,22B,10.0,9.75,10.0,4,1,10,10,8,10,10,10,10,8,10,10,22B,22B,22A,22A
22C,22,2,5,22,9.25,7.75,7.75,7,8,22D,10.0,10.0,10.0,1,6,8,0,5,0,0,7,0,3,10,10,22B,22B,22A,22A
22C,22,2,5,22,9.25,7.75,7.75,7,8,22E,9.25,8.75,8.5,4,2,10,9,7,9,9,10,9,7,10,10,22B,22B,22A,22A
22B,22,2,5,22,9.5,8.5,9.25,7,10,22A,9.25,10.0,9.5,4,2,10,10,9,10,10,9,10,10,10,10,22E,22E,22A,22A
22B,22,2,5,22,9.5,8.5,9.25,7,10,22E,8.25,9.0,7.25,4,1,10,10,8,10,10,10,10,10,10,8,22E,22E,22A,22A
22B,22,2,5,22,9.5,8.5,9.25,7,10,22D,6.25,5.0,5.0,4,6,6,0,5,0,0,5,0,0,10,8,22E,22E,22A,22A
22B,22,2,5,22,9.5,8.5,9.25,7,10,22C,9.0,9.25,8.0,4,1,10,10,8,10,10,10,10,9,10,10,22E,22E,22A,22A
22A,23,2,2,22,8.75,6.5,7.25,2,7,22B,8.75,4.75,9.75,5,3,9,7,9,8,9,8,7,8,7,8,22D,22D,22B,22E
22A,23,2,2,22,8.75,6.5,7.25,2,7,22D,8.5,9.25,9.0,5,2,9,7,8,9,10,7,6,7,10,7,22D,22D,22B,22E
22A,23,2,2,22,8.75,6.5,7.25,2,7,22E,8.5,9.25,7.25,5,3,8,8,7,9,8,7,6,6,10,7,22D,22D,22B,22E
22A,23,2,2,22,8.75,6.5,7.25,2,7,22C,7.5,8.25,7.5,5,3,8,5,6,8,3,8,4,6,8,9,22D,22D,22B,22E
14C,25,1,5,14,7.5,7.75,6.5,8,6,14A,9.0,6.5,9.0,6,2,10,9,4,9,9,9,9,3,9,9,14A,14A,14D,14D
14C,25,1,5,14,7.5,7.75,6.5,8,6,14D,9.75,8.25,8.25,6,2,9,8,9,9,9,9,9,9,10,5,14A,14A,14D,14D
14C,25,1,5,14,7.5,7.75,6.5,8,6,14E,7.5,6.0,7.25,6,2,8,8,7,8,7,8,8,7,7,4,14A,14A,14D,14D
14C,25,1,5,14,7.5,7.75,6.5,8,6,14B,8.75,5.75,8.25,6,3,7,7,3,5,7,8,6,5,8,9,14A,14A,14D,14D
22E,21,2,5,22,9.75,7.0,8.75,7,7,22A,10.0,10.0,10.0,4,3,10,8,6,8,8,8,8,6,8,8,22B,22B,22A,22A
22E,21,2,5,22,9.75,7.0,8.75,7,7,22B,10.0,7.75,8.75,5,1,10,10,8,10,10,10,10,7,8,8,22B,22B,22A,22A
22E,21,2,5,22,9.75,7.0,8.75,7,7,22C,9.75,8.0,9.25,4,2,10,8,8,10,10,8,8,7,10,10,22B,22B,22A,22A
22E,21,2,5,22,9.75,7.0,8.75,7,7,22D,5.0,5.0,5.0,4,6,6,0,0,0,0,4,0,0,7,7,22B,22B,22A,22A
14E,27,1,2,14,7.75,7.75,8.0,8,7,14A,8.5,8.0,8.25,6,2,9,9,7,10,7,8,8,8,10,9,14D,14D,14A,14A
14E,27,1,2,14,7.75,7.75,8.0,8,7,14B,7.0,6.0,7.75,6,5,7,1,3,0,0,4,1,3,8,8,14D,14D,14A,14A
14E,27,1,2,14,7.75,7.75,8.0,8,7,14C,7.0,8.0,6.0,6,3,8,7,8,8,6,7,6,7,8,5,14D,14D,14A,14A
14E,27,1,2,14,7.75,7.75,8.0,8,7,14D,6.75,8.0,6.25,6,2,9,9,8,10,10,9,9,6,9,5,14D,14D,14A,14A
13B,25,2,2,13,9.0,7.5,8.5,7,8,13A,8.75,8.5,8.75,6,2,10,9,8,9,8,9,9,7,8,8,13A,13C,13D,13A
13B,25,2,2,13,9.0,7.5,8.5,7,8,13C,9.25,8.25,9.25,6,2,10,9,7,9,9,9,9,7,8,9,13A,13C,13D,13A
13B,25,2,2,13,9.0,7.5,8.5,7,8,13D,9.5,8.75,8.5,6,2,10,9,7,9,9,9,9,7,8,9,13A,13C,13D,13A
13B,25,2,2,13,9.0,7.5,8.5,7,8,13E,9.5,8.75,9.0,6,2,10,9,7,9,9,9,9,7,8,9,13A,13C,13D,13A
13A,25,2,"1,2,5",13,9.5,7.75,7.5,10,6,13B,7.25,9.75,5.5,6,2,8,6,2,4,4,8,7,2,9,9,13D,13D,13C,13B
13A,25,2,"1,2,5",13,9.5,7.75,7.5,10,6,13C,10.0,8.25,10.0,6,2,10,7,7,9,9,10,8,7,4,10,13D,13D,13C,13B
13A,25,2,"1,2,5",13,9.5,7.75,7.5,10,6,13D,6.5,9.0,4.25,6,2,10,8,2,9,7,9,9,4,8,9,13D,13D,13C,13B
13A,25,2,"1,2,5",13,9.5,7.75,7.5,10,6,13E,9.75,7.5,4.75,6,2,9,8,7,7,8,8,8,4,8,4,13D,13D,13C,13B
22D,23,2,2,22,8.5,7.75,8.5,6,5,22A,8.25,9.0,6.75,4,3,9,7,7,8,8,8,6,6,8,8,22A,22A,22A,22A
22D,23,2,2,22,8.5,7.75,8.5,6,5,22B,6.0,6.0,6.0,3,6,5,0,1,0,0,4,0,5,6,6,22A,22A,22A,22A
22D,23,2,2,22,8.5,7.75,8.5,6,5,22C,6.0,5.75,6.0,1,6,6,0,0,0,0,4,0,0,6,6,22A,22A,22A,22A
22D,23,2,2,22,8.5,7.75,8.5,6,5,22E,6.0,6.0,6.0,1,6,4,0,0,0,0,4,0,0,6,6,22A,22A,22A,22A
04C,32,1,5,4,9.0,5.75,6.75,7,4,04A,7.75,7.0,8.5,6,2,10,10,4,10,10,10,10,6,7,7,04A,04A,04A,04A
04C,32,1,5,4,9.0,5.75,6.75,7,4,04B,6.75,5.25,5.75,5,4,7,4,5,4,3,7,4,5,8,7,04A,04A,04A,04A
04C,32,1,5,4,9.0,5.75,6.75,7,4,04D,5.25,5.0,5.0,5,6,7,3,3,0,0,6,2,0,4,6,04A,04A,04A,04A
04C,32,1,5,4,9.0,5.75,6.75,7,4,04E,5.75,6.5,6.25,4,6,8,3,2,0,1,6,3,1,6,8,04A,04A,04A,04A
17D,21,2,2,17,8.5,7.75,7.5,8,7,17A,7.0,7.25,7.5,6,2,8,8,8,8,8,8,8,8,7,8,17A,17A,17B,17C
17D,21,2,2,17,8.5,7.75,7.5,8,7,17B,9.0,9.25,9.0,6,4,8,7,7,2,2,7,5,6,10,10,17A,17A,17B,17C
17D,21,2,2,17,8.5,7.75,7.5,8,7,17C,6.5,7.75,6.75,6,5,7,6,4,1,1,7,6,6,7,8,17A,17A,17B,17C
17D,21,2,2,17,8.5,7.75,7.5,8,7,17E,7.25,7.75,6.25,6,4,8,6,6,4,4,8,6,6,8,7,17A,17A,17B,17C
13D,26,2,5,13,10.0,8.5,8.0,9,9,13A,9.75,9.25,9.75,6,2,10,9,9,10,8,10,9,8,10,9,13A,13C,13A,13C
13D,26,2,5,13,10.0,8.5,8.0,9,9,13B,9.75,8.5,9.25,6,2,10,9,7,10,9,10,9,8,9,9,13A,13C,13A,13C
13D,26,2,5,13,10.0,8.5,8.0,9,9,13E,10.0,7.75,8.75,6,2,10,9,9,10,9,10,8,9,8,8,13A,13C,13A,13C
13D,26,2,5,13,10.0,8.5,8.0,9,9,13C,10.0,8.75,9.75,6,2,10,10,8,10,9,10,9,8,8,9,13A,13C,13A,13C
13C,25,2,"1,4",13,10.0,6.5,8.75,5,7,13A,10.0,9.75,10.0,6,3,10,8,8,10,10,8,6,6,10,10,13E,13D,13A,13A
13C,25,2,"1,4",13,10.0,6.5,8.75,5,7,13B,10.0,9.0,10.0,6,3,10,7,8,10,10,9,6,6,9,10,13E,13D,13A,13A
13C,25,2,"1,4",13,10.0,6.5,8.75,5,7,13D,10.0,9.25,10.0,6,3,10,8,6,10,7,8,8,6,9,10,13E,13D,13A,13A
13C,25,2,"1,4",13,10.0,6.5,8.75,5,7,13E,10.0,9.25,10.0,6,3,10,6,5,10,6,8,6,6,9,10,13E,13D,13A,13A
13E,25,2,5,13,9.5,9.75,8.0,5,8,13A,9.5,10.0,9.0,6,3,10,10,7,10,10,8,10,7,10,8,13B,13A,13E,13A
13E,25,2,5,13,9.5,9.75,8.0,5,8,13B,10.0,10.0,8.5,6,3,10,10,8,10,10,8,9,8,10,9,13B,13A,13E,13A
13E,25,2,5,13,9.5,9.75,8.0,5,8,13C,9.5,9.75,8.5,6,3,10,10,7,10,10,7,8,7,10,9,13B,13A,13E,13A
13E,25,2,5,13,9.5,9.75,8.0,5,8,13D,10.0,9.5,8.5,6,3,10,10,8,10,10,8,10,8,10,10,13B,13A,13E,13A
21A,22,2,"2,5",21,8.75,7.5,8.75,0,0,21C,6.75,3.25,7.5,4,1,7,7,6,9,9,8,7,6,7,9,21D,21D,21A,21A
21A,22,2,"2,5",21,8.75,7.5,8.75,0,0,21D,8.75,9.75,8.5,5,2,10,9,4,10,10,9,8,6,6,7,21D,21D,21A,21A
21A,22,2,"2,5",21,8.75,7.5,8.75,0,0,21E,9.75,7.0,8.25,2,2,9,7,3,8,8,10,8,3,9,7,21D,21D,21A,21A
21A,22,2,"2,5",21,8.75,7.5,8.75,0,0,21B,6.5,7.75,2.25,4,1,7,9,6,8,8,10,10,8,8,4,21D,21D,21A,21A
23E,26,1,5,23,8.25,6.5,6.75,6,6,23A,7.25,4.25,7.0,5,4,7,7,4,5,3,4,6,4,3,5,23C,23C,23C,23A
23E,26,1,5,23,8.25,6.5,6.75,6,6,23B,5.0,5.0,5.0,6,6,6,1,5,0,0,5,0,3,7,8,23C,23C,23C,23A
23E,26,1,5,23,8.25,6.5,6.75,6,6,23C,7.0,7.75,7.0,6,1,10,10,9,10,10,10,10,9,8,8,23C,23C,23C,23A
23E,26,1,5,23,8.25,6.5,6.75,6,6,23D,5.0,5.0,5.0,1,6,0,0,0,0,0,0,0,0,1,2,23C,23C,23C,23A
23C,25,1,5,23,8.75,7.5,8.0,5,9,23A,7.25,6.25,6.5,6,1,10,10,1,10,10,10,10,4,3,7,23E,23E,23A,23A
23C,25,1,5,23,8.75,7.5,8.0,5,9,23B,8.5,5.75,8.5,6,2,8,8,6,8,4,7,7,7,7,8,23E,23E,23A,23A
23C,25,1,5,23,8.75,7.5,8.0,5,9,23D,9.0,6.5,8.25,5,3,9,8,5,7,5,9,8,4,6,7,23E,23E,23A,23A
23C,25,1,5,23,8.75,7.5,8.0,5,9,23E,8.0,7.25,6.0,6,1,10,10,6,10,10,10,10,5,8,4,23E,23E,23A,23A
23A,25,1,5,23,8.75,4.75,8.25,3,8,23D,7.75,7.0,7.75,6,2,10,9,9,6,6,9,9,7,7,8,23B,23C,23C,23C
23A,25,1,5,23,8.75,4.75,8.25,3,8,23E,7.75,7.75,6.5,4,3,8,6,5,4,2,8,4,6,8,7,23B,23C,23C,23C
23A,25,1,5,23,8.75,4.75,8.25,3,8,23B,9.5,6.5,9.0,6,1,10,10,9,9,8,10,9,9,7,8,23B,23C,23C,23C
23A,25,1,5,23,8.75,4.75,8.25,3,8,23C,8.25,8.5,8.25,6,1,10,9,8,9,6,9,9,7,9,9,23B,23C,23C,23C
23B,25,1,5,23,8.75,7.5,8.0,8,8,23A,7.25,7.5,8.75,6,1,10,10,9,9,6,10,10,9,6,10,23C,23A,23A,23A
23B,25,1,5,23,8.75,7.5,8.0,8,8,23C,6.5,9.25,6.5,6,1,9,8,7,7,5,9,7,8,8,6,23C,23A,23A,23A
23B,25,1,5,23,8.75,7.5,8.0,8,8,23D,7.5,7.0,8.0,6,3,8,6,5,3,3,7,5,4,7,7,23C,23A,23A,23A
23B,25,1,5,23,8.75,7.5,8.0,8,8,23E,5.25,5.5,6.5,2,5,6,3,3,0,0,5,3,3,7,8,23C,23A,23A,23A
23D,25,1,5,23,9.5,5.75,5.75,8,7,23C,9.25,10.0,9.0,6,3,10,8,9,6,0,8,7,9,7,6,23A,23A,23C,23C
23D,25,1,5,23,9.5,5.75,5.75,8,7,23A,7.25,5.0,6.75,6,1,8,10,8,10,0,9,9,9,7,6,23A,23A,23C,23C
23D,25,1,5,23,9.5,5.75,5.75,8,7,23B,9.5,8.0,10.0,6,3,7,5,6,5,0,7,5,6,9,10,23A,23A,23C,23C
23D,25,1,5,23,9.5,5.75,5.75,8,7,23E,5.0,5.0,5.0,4,6,5,5,5,5,5,5,5,5,5,5,23A,23A,23C,23C
21C,22,2,5,21,8.75,7.75,8.0,6,8,21A,9.25,8.75,9.0,5,1,9,8,7,10,10,9,7,6,7,9,21A,21A,21A,21A
21C,22,2,5,21,8.75,7.75,8.0,6,8,21B,8.5,8.75,8.0,4,1,8,5,6,6,6,6,6,6,7,6,21A,21A,21A,21A
21C,22,2,5,21,8.75,7.75,8.0,6,8,21D,5.0,5.0,5.0,2,6,5,5,5,5,5,5,5,5,5,5,21A,21A,21A,21A
21C,22,2,5,21,8.75,7.75,8.0,6,8,21E,5.0,5.0,5.0,2,6,5,5,5,5,5,5,5,5,5,5,21A,21A,21A,21A
17C,21,2,4,17,10.0,8.25,10.0,8,8,17A,9.75,8.75,9.0,6,3,10,8,8,8,4,10,9,9,8,8,17A,17A,17B,17B
17C,21,2,4,17,10.0,8.25,10.0,8,8,17B,9.75,10.0,8.25,6,3,10,8,6,6,5,7,7,5,10,8,17A,17A,17B,17B
17C,21,2,4,17,10.0,8.25,10.0,8,8,17D,9.25,8.25,9.25,6,3,10,8,6,7,0,8,7,5,9,10,17A,17A,17B,17B
17C,21,2,4,17,10.0,8.25,10.0,8,8,17E,8.25,7.75,7.0,6,3,10,6,3,3,0,5,5,2,8,6,17A,17A,17B,17B
17A,21,1,6,17,9.0,8.75,9.25,4,10,17B,9.75,9.25,8.25,6,3,8,7,8,5,0,7,4,8,9,10,17D,17D,17B,17A
17A,21,1,6,17,9.0,8.75,9.25,4,10,17D,10.0,8.5,9.75,6,2,10,10,3,9,4,10,9,10,9,10,17D,17D,17B,17A
17A,21,1,6,17,9.0,8.75,9.25,4,10,17C,8.75,7.75,8.0,6,4,8,7,4,4,1,7,6,7,8,9,17D,17D,17B,17A
17A,21,1,6,17,9.0,8.75,9.25,4,10,17E,6.0,9.25,4.0,6,5,5,2,0,0,0,6,2,8,10,4,17D,17D,17B,17A
17E,22,1,6,17,6.75,6.0,5.25,6,8,17D,7.0,7.25,6.0,6,5,10,5,3,2,2,5,3,0,10,10,17B,17B,17B,17D
17E,22,1,6,17,6.75,6.0,5.25,6,8,17B,8.5,9.5,7.75,6,3,10,8,7,8,8,8,7,6,10,10,17B,17B,17B,17D
17E,22,1,6,17,6.75,6.0,5.25,6,8,17A,7.5,7.5,6.0,6,5,10,4,4,2,2,5,3,3,7,9,17B,17B,17B,17D
17E,22,1,6,17,6.75,6.0,5.25,6,8,17C,7.0,9.25,6.0,6,6,10,2,1,1,1,4,2,0,8,10,17B,17B,17B,17D
17B,21,2,2,17,9.0,7.5,7.25,8,8,17A,7.5,6.5,6.75,6,5,8,6,6,6,4,7,6,6,8,8,17C,17E,17C,17C
17B,21,2,2,17,9.0,7.5,7.25,8,8,17C,9.25,7.75,8.5,6,5,9,7,5,7,4,8,6,5,8,10,17C,17E,17C,17C
17B,21,2,2,17,9.0,7.5,7.25,8,8,17D,8.0,7.25,8.25,6,5,9,7,6,7,4,7,6,6,7,10,17C,17E,17C,17C
17B,21,2,2,17,9.0,7.5,7.25,8,8,17E,8.5,8.0,8.25,6,3,10,9,9,9,9,9,8,8,10,8,17C,17E,17C,17C
27D,23,2,5,27,7.25,7.25,5.75,6,6,27A,7.5,8.0,6.75,4,1,9,9,9,9,9,8,9,7,9,7,27B,27E,27B,27D
27D,23,2,5,27,7.25,7.25,5.75,6,6,27B,8.25,8.75,8.75,4,1,10,10,6,10,10,8,8,4,10,10,27B,27E,27B,27D
27D,23,2,5,27,7.25,7.25,5.75,6,6,27C,4.0,7.25,6.5,4,3,10,8,7,8,4,8,8,7,7,6,27B,27E,27B,27D
27D,23,2,5,27,7.25,7.25,5.75,6,6,27E,8.5,4.0,6.5,4,1,10,10,5,10,10,10,10,6,7,7,27B,27E,27B,27D
27B,20,2,5,27,9.0,8.0,8.75,4,8,27A,9.0,9.0,8.0,4,1,10,10,7,10,9,10,10,9,10,8,27D,27A,27A,27A
27B,20,2,5,27,9.0,8.0,8.75,4,8,27C,7.0,10.0,8.5,4,2,10,10,5,10,9,9,9,7,7,7,27D,27A,27A,27A
27B,20,2,5,27,9.0,8.0,8.75,4,8,27D,9.25,9.5,9.5,4,1,10,10,8,10,10,10,10,9,10,10,27D,27A,27A,27A
27B,20,2,5,27,9.0,8.0,8.75,4,8,27E,8.0,8.0,8.25,3,2,7,6,3,3,1,7,6,3,7,8,27D,27A,27A,27A
27E,26,1,5,27,8.5,6.75,8.5,2,8,27A,7.0,7.5,5.0,2,3,7,3,3,7,1,7,2,3,7,6,27D,27D,27B,27D
27E,26,1,5,27,8.5,6.75,8.5,2,8,27B,10.0,7.5,7.5,2,3,8,4,3,8,1,7,3,4,9,9,27D,27D,27B,27D
27E,26,1,5,27,8.5,6.75,8.5,2,8,27C,5.5,6.25,4.75,3,4,7,1,2,6,0,7,1,7,8,2,27D,27D,27B,27D
27E,26,1,5,27,8.5,6.75,8.5,2,8,27D,10.0,10.0,10.0,4,1,10,10,8,10,10,10,10,7,10,10,27D,27D,27B,27D
25A,20,2,5,25,8.75,7.5,6.0,9,7,25B,8.0,8.5,8.0,4,4,9,6,6,4,2,6,3,4,8,9,25E,25B,25B,25C
25A,20,2,5,25,8.75,7.5,6.0,9,7,25C,9.5,8.0,6.75,4,4,7,4,6,5,2,6,3,6,6,8,25E,25B,25B,25C
25A,20,2,5,25,8.75,7.5,6.0,9,7,25D,8.5,7.5,6.75,4,4,7,2,4,4,2,6,2,4,7,9,25E,25B,25B,25C
25A,20,2,5,25,8.75,7.5,6.0,9,7,25E,6.0,6.75,7.25,4,4,7,4,4,4,1,6,3,3,6,9,25E,25B,25B,25C
25C,21,2,5,25,8.25,6.25,5.75,3,6,25A,6.75,7.25,6.5,4,3,8,6,7,6,4,6,6,6,7,8,25D,25B,25A,25B
25C,21,2,5,25,8.25,6.25,5.75,3,6,25B,8.25,8.5,7.75,4,1,9,9,6,9,9,7,7,7,9,8,25D,25B,25A,25B
25C,21,2,5,25,8.25,6.25,5.75,3,6,25D,9.0,8.0,9.25,4,2,10,10,8,10,10,10,10,8,7,10,25D,25B,25A,25B
25C,21,2,5,25,8.25,6.25,5.75,3,6,25E,8.5,7.75,8.25,4,2,7,7,6,7,6,7,7,6,8,8,25D,25B,25A,25B
25B,20,2,4,25,9.75,8.0,7.75,6,7,25A,8.75,8.25,7.75,4,3,10,3,5,1,1,8,2,3,9,7,25E,25C,25B,25B
25B,20,2,4,25,9.75,8.0,7.75,6,7,25E,8.75,7.75,7.0,4,3,9,7,3,8,9,8,8,3,8,8,25E,25C,25B,25B
25B,20,2,4,25,9.75,8.0,7.75,6,7,25C,9.0,8.5,9.0,4,2,9,7,4,7,7,8,8,7,10,9,25E,25C,25B,25B
25B,20,2,4,25,9.75,8.0,7.75,6,7,25D,9.25,7.75,9.0,4,2,10,7,7,7,7,9,7,5,6,8,25E,25C,25B,25B
11C,18,2,"4,5",11,8.5,5.75,7.0,7,4,11E,7.0,7.5,6.5,6,6,10,3,4,1,0,6,1,1,10,10,11A,11B,11A,11A
11C,18,2,"4,5",11,8.5,5.75,7.0,7,4,11D,7.25,5.75,7.5,6,6,10,2,2,0,0,6,1,1,6,10,11A,11B,11A,11A
11C,18,2,"4,5",11,8.5,5.75,7.0,7,4,11A,9.5,8.5,7.5,6,3,10,9,6,8,2,7,7,5,10,10,11A,11B,11A,11A
11C,18,2,"4,5",11,8.5,5.75,7.0,7,4,11B,7.0,7.0,8.0,5,1,10,10,9,10,10,10,10,9,4,8,11A,11B,11A,11A
30C,27,2,6,30,8.5,5.75,8.0,6,8,30A,9.0,9.0,10.0,6,1,10,10,8,10,10,10,10,10,9,10,30A,30A,30A,30A
30C,27,2,6,30,8.5,5.75,8.0,6,8,30B,6.75,8.5,7.75,6,6,7,3,4,1,1,6,2,8,7,7,30A,30A,30A,30A
30C,27,2,6,30,8.5,5.75,8.0,6,8,30D,5.0,5.0,5.0,1,6,3,0,2,0,0,1,0,2,4,5,30A,30A,30A,30A
30C,27,2,6,30,8.5,5.75,8.0,6,8,30E,8.25,6.25,10.0,2,6,8,1,6,0,0,7,1,1,6,8,30A,30A,30A,30A
11B,18,1,4,11,9.5,7.0,10.0,7,8,11E,5.0,5.0,5.0,4,6,8,5,5,5,5,8,5,5,7,8,11C,11C,11A,11A
11B,18,1,4,11,9.5,7.0,10.0,7,8,11A,9.0,5.0,8.75,4,5,9,7,5,5,5,10,6,5,5,5,11C,11C,11A,11A
11B,18,1,4,11,9.5,7.0,10.0,7,8,11C,10.0,9.0,7.75,5,1,10,10,10,10,10,10,10,10,9,9,11C,11C,11A,11A
11B,18,1,4,11,9.5,7.0,10.0,7,8,11D,5.0,5.0,7.0,4,6,8,5,5,5,5,8,5,5,8,8,11C,11C,11A,11A
11D,36,2,5,11,9.0,6.75,8.5,6,8,11A,8.25,7.0,6.75,6,4,6,3,6,2,4,6,2,6,8,8,11E,11E,11A,11E
11D,36,2,5,11,9.0,6.75,8.5,6,8,11B,5.0,5.0,5.0,4,6,5,5,5,5,5,5,5,5,5,5,11E,11E,11A,11E
11D,36,2,5,11,9.0,6.75,8.5,6,8,11C,6.5,7.75,7.0,6,5,10,3,8,1,1,6,6,6,9,6,11E,11E,11A,11E
11D,36,2,5,11,9.0,6.75,8.5,6,8,11E,8.75,8.0,6.0,6,1,8,8,6,8,8,6,6,2,10,6,11E,11E,11A,11E
30A,28,2,6,30,8.5,9.0,6.5,9,7,30B,9.25,9.0,8.25,5,2,9,8,7,9,7,8,8,8,8,8,30C,30C,30A,30A
30A,28,2,6,30,8.5,9.0,6.5,9,7,30C,9.5,7.25,9.75,6,1,10,10,8,10,10,10,10,8,8,8,30C,30C,30A,30A
30A,28,2,6,30,8.5,9.0,6.5,9,7,30D,5.5,7.0,7.5,5,4,8,6,4,4,3,7,5,5,10,6,30C,30C,30A,30A
30A,28,2,6,30,8.5,9.0,6.5,9,7,30E,9.25,6.0,8.75,3,3,8,7,6,6,6,6,6,6,8,9,30C,30C,30A,30A
30B,26,2,2,30,8.75,6.75,8.0,6,6,30A,8.75,7.0,10.0,5,1,10,10,8,10,10,9,10,8,8,9,30C,30A,30D,30C
30B,26,2,2,30,8.75,6.75,8.0,6,6,30C,9.25,7.5,9.5,6,6,9,5,6,2,2,7,4,5,8,9,30C,30A,30D,30C
30B,26,2,2,30,8.75,6.75,8.0,6,6,30E,8.75,7.0,9.5,4,1,10,9,7,8,8,8,8,8,8,8,30C,30A,30D,30C
30B,26,2,2,30,8.75,6.75,8.0,6,6,30D,5.0,6.25,4.25,4,6,3,3,1,0,0,2,2,1,6,3,30C,30A,30D,30C
30D,28,2,2,30,8.5,7.25,7.5,6,6,30A,9.25,7.0,8.25,5,2,9,6,6,7,6,8,6,7,9,9,30B,30A,30A,30A
30D,28,2,2,30,8.5,7.25,7.5,6,6,30B,7.25,7.0,6.5,5,4,3,2,5,1,1,3,2,6,7,7,30B,30A,30A,30A
30D,28,2,2,30,8.5,7.25,7.5,6,6,30C,5.0,5.0,5.0,1,6,3,0,2,0,0,3,0,2,6,6,30B,30A,30A,30A
30D,28,2,2,30,8.5,7.25,7.5,6,6,30E,8.0,7.5,7.5,5,4,7,3,6,1,1,6,3,5,8,8,30B,30A,30A,30A
27A,20,2,"2,5",27,9.0,9.0,7.0,3,7,27B,10.0,10.0,8.5,4,1,10,10,10,10,10,8,8,8,9,10,27B,27B,27B,27B
27A,20,2,"2,5",27,9.0,9.0,7.0,3,7,27E,8.25,7.75,8.25,2,2,7,6,4,2,2,7,6,3,7,7,27B,27B,27B,27B
27A,20,2,"2,5",27,9.0,9.0,7.0,3,7,27C,8.5,7.75,8.5,4,2,8,7,5,7,7,7,7,6,6,9,27B,27B,27B,27B
27A,20,2,"2,5",27,9.0,9.0,7.0,3,7,27D,9.0,10.0,7.75,4,2,9,9,7,7,7,9,9,7,10,10,27B,27B,27B,27B
30E,25,2,2,30,9.75,6.5,6.25,6,7,30A,8.5,7.75,7.5,3,3,8,6,6,8,3,6,6,4,7,8,30B,30B,30A,30A
30E,25,2,2,30,9.75,6.5,6.25,6,7,30B,7.75,6.25,9.5,4,1,9,8,6,10,8,7,7,8,6,10,30B,30B,30A,30A
30E,25,2,2,30,9.75,6.5,6.25,6,7,30C,9.0,7.75,7.25,2,6,8,7,7,3,3,6,1,4,8,10,30B,30B,30A,30A
30E,25,2,2,30,9.75,6.5,6.25,6,7,30D,5.5,8.0,5.0,4,6,3,0,2,0,0,1,3,1,7,5,30B,30B,30A,30A
25E,22,1,"4,5",25,9.5,9.0,6.5,10,8,25D,8.0,6.0,8.5,4,4,8,4,4,4,2,5,3,3,7,7,25B,25B,25A,25C
25E,22,1,"4,5",25,9.5,9.0,6.5,10,8,25C,6.25,9.0,4.0,4,3,7,5,5,6,5,6,5,5,8,8,25B,25B,25A,25C
25E,22,1,"4,5",25,9.5,9.0,6.5,10,8,25B,8.5,8.0,7.0,4,3,9,9,8,9,9,9,8,8,8,8,25B,25B,25A,25C
25E,22,1,"4,5",25,9.5,9.0,6.5,10,8,25A,6.5,7.5,8.0,4,4,7,4,4,3,2,6,3,4,8,8,25B,25B,25A,25C
25D,20,2,2,25,9.75,4.0,8.5,4,7,25A,10.0,5.0,10.0,4,4,10,5,5,4,4,8,2,5,8,8,25C,25C,25B,25C
25D,20,2,2,25,9.75,4.0,8.5,4,7,25C,10.0,10.0,10.0,4,2,10,10,10,10,10,10,10,10,10,10,25C,25C,25B,25C
25D,20,2,2,25,9.75,4.0,8.5,4,7,25B,10.0,10.0,10.0,4,2,10,8,8,10,10,10,8,8,10,10,25C,25C,25B,25C
25D,20,2,2,25,9.75,4.0,8.5,4,7,25E,7.0,5.0,9.0,4,3,10,5,5,5,5,8,5,5,10,10,25C,25C,25B,25C
32D,25,2,2,32,7.5,7.75,7.5,8,9,32A,9.75,9.5,8.25,4,2,10,8,7,10,10,8,7,7,10,10,32A,32E,32A,32B
32D,25,2,2,32,7.5,7.75,7.5,8,9,32E,7.25,9.5,9.75,4,2,10,9,8,10,7,9,8,8,8,10,32A,32E,32A,32B
32D,25,2,2,32,7.5,7.75,7.5,8,9,32B,8.25,8.5,8.5,4,2,10,7,6,8,7,8,8,7,9,10,32A,32E,32A,32B
32D,25,2,2,32,7.5,7.75,7.5,8,9,32C,9.0,7.75,9.5,4,3,10,6,5,7,4,7,7,7,10,10,32A,32E,32A,32B
32A,25,2,2,32,10.0,7.25,8.5,6,9,32B,9.75,7.25,9.75,4,2,10,7,6,7,7,10,7,6,7,10,32B,32B,32B,32B
32A,25,2,2,32,10.0,7.25,8.5,6,9,32C,9.75,7.0,10.0,4,2,10,5,5,5,5,10,5,5,7,10,32B,32B,32B,32B
32A,25,2,2,32,10.0,7.25,8.5,6,9,32D,9.75,7.75,9.75,4,2,10,7,5,6,8,9,7,5,8,10,32B,32B,32B,32B
32A,25,2,2,32,10.0,7.25,8.5,6,9,32E,9.75,6.5,9.75,4,2,10,8,5,5,6,10,8,5,7,10,32B,32B,32B,32B
32C,25,2,2,32,8.25,5.25,7.5,8,8,32A,9.0,8.5,9.0,4,2,10,8,8,7,5,8,7,7,9,9,32B,32B,32B,32B
32C,25,2,2,32,8.25,5.25,7.5,8,8,32B,9.0,9.25,8.75,4,1,9,8,6,8,5,9,9,8,9,9,32B,32B,32B,32B
32C,25,2,2,32,8.25,5.25,7.5,8,8,32D,9.0,8.0,9.0,4,2,9,8,7,7,5,9,9,9,9,9,32B,32B,32B,32B
32C,25,2,2,32,8.25,5.25,7.5,8,8,32E,9.0,9.0,9.0,4,2,9,7,8,7,5,9,9,9,9,9,32B,32B,32B,32B
11E,36,1,5,11,7.5,6.75,5.25,5,4,11A,7.5,6.75,7.0,6,4,6,6,4,2,3,5,3,2,6,8,11A,11D,11A,11A
11E,36,1,5,11,7.5,6.75,5.25,5,4,11B,5.0,5.0,5.0,1,6,5,0,5,0,0,0,0,0,5,5,11A,11D,11A,11A
11E,36,1,5,11,7.5,6.75,5.25,5,4,11C,7.5,7.0,7.0,6,4,7,3,2,0,0,5,3,1,7,6,11A,11D,11A,11A
11E,36,1,5,11,7.5,6.75,5.25,5,4,11D,7.75,5.75,9.0,6,1,7,7,3,8,9,7,6,4,6,7,11A,11D,11A,11A
11A,38,2,5,11,9.75,7.25,7.5,8,8,11E,9.25,9.25,6.75,6,5,10,5,6,5,5,5,5,5,10,8,11E,11E,11A,11E
11A,38,2,5,11,9.75,7.25,7.5,8,8,11D,6.25,6.5,6.0,6,5,8,6,5,5,5,6,6,6,9,8,11E,11E,11A,11E
11A,38,2,5,11,9.75,7.25,7.5,8,8,11C,7.75,7.75,6.75,6,4,10,6,5,5,6,7,7,5,9,8,11E,11E,11A,11E
11A,38,2,5,11,9.75,7.25,7.5,8,8,11B,5.0,5.0,6.0,3,6,8,4,5,3,3,5,3,3,5,5,11E,11E,11A,11E
32B,25,2,2,32,9.25,9.0,9.75,7,9,32A,9.75,8.75,10.0,4,2,10,8,8,10,7,8,9,7,10,10,32C,32C,32A,32A
32B,25,2,2,32,9.25,9.0,9.75,7,9,32E,9.5,8.5,10.0,4,2,9,8,6,9,6,8,7,6,10,10,32C,32C,32A,32A
32B,25,2,2,32,9.25,9.0,9.75,7,9,32D,10.0,9.0,9.5,4,2,10,8,4,6,4,9,7,4,10,10,32C,32C,32A,32A
32B,25,2,2,32,9.25,9.0,9.75,7,9,32C,10.0,8.75,9.5,4,1,10,9,6,9,8,9,9,6,10,10,32C,32C,32A,32A
32E,23,2,2,32,7.75,6.25,7.0,6,7,32C,8.25,8.0,8.5,4,2,7,6,4,4,2,6,5,3,7,8,32A,32D,32A,32B
32E,23,2,2,32,7.75,6.25,7.0,6,7,32B,7.0,9.25,7.75,4,2,8,6,3,6,4,6,4,3,8,8,32A,32D,32A,32B
32E,23,2,2,32,7.75,6.25,7.0,6,7,32D,8.75,8.25,8.75,4,2,8,6,5,6,5,6,4,4,9,9,32A,32D,32A,32B
32E,23,2,2,32,7.75,6.25,7.0,6,7,32A,9.5,9.25,9.5,4,2,8,6,5,6,6,7,5,4,9,9,32A,32D,32A,32B
31C,20,2,2,31,8.75,8.0,7.25,7,5,31A,8.5,7.25,8.5,4,1,9,8,5,8,8,7,7,5,9,8,31A,31A,31A,31C
31C,20,2,2,31,8.75,8.0,7.25,7,5,31B,8.5,7.25,9.0,2,1,9,7,4,7,7,7,7,5,7,9,31A,31A,31A,31C
31C,20,2,2,31,8.75,8.0,7.25,7,5,31D,5.0,5.0,5.0,2,5,7,0,5,0,0,5,0,5,7,7,31A,31A,31A,31C
31C,20,2,2,31,8.75,8.0,7.25,7,5,31E,5.0,5.0,5.0,2,4,5,0,2,0,0,5,0,2,7,7,31A,31A,31A,31C
31D,18,2,2,31,10.0,8.0,7.25,5,7,31A,9.25,6.5,10.0,2,3,10,8,8,10,10,10,7,8,5,5,31A,31A,31C,31A
31D,18,2,2,31,10.0,8.0,7.25,5,7,31E,5.0,5.0,5.0,2,5,5,5,5,5,5,5,5,5,5,5,31A,31A,31C,31A
31D,18,2,2,31,10.0,8.0,7.25,5,7,31B,8.0,6.25,8.25,2,2,10,8,7,10,10,9,7,7,5,5,31A,31A,31C,31A
31D,18,2,2,31,10.0,8.0,7.25,5,7,31C,7.0,5.0,5.0,2,3,8,5,5,5,5,5,5,5,5,5,31A,31A,31C,31A
28B,25,2,5,28,9.25,6.25,7.75,6,6,28A,9.0,8.25,7.75,6,3,10,10,8,6,9,10,9,7,8,7,28E,28C,28A,28D
28B,25,2,5,28,9.25,6.25,7.75,6,6,28C,8.5,5.5,9.25,6,3,10,10,5,7,10,10,10,4,5,7,28E,28C,28A,28D
28B,25,2,5,28,9.25,6.25,7.75,6,6,28E,8.75,7.75,8.75,6,3,10,10,5,6,8,10,10,7,9,7,28E,28C,28A,28D
28B,25,2,5,28,9.25,6.25,7.75,6,6,28D,9.75,9.25,7.0,6,3,10,10,6,8,8,10,10,5,8,8,28E,28C,28A,28D
28A,25,2,5,28,8.25,6.25,7.25,4,7,28B,8.0,7.25,7.5,6,3,10,8,2,9,9,8,7,2,8,9,28E,28E,28A,28E
28A,25,2,5,28,8.25,6.25,7.25,4,7,28C,9.0,7.5,9.0,6,3,9,6,5,9,9,8,7,2,8,8,28E,28E,28A,28E
28A,25,2,5,28,8.25,6.25,7.25,4,7,28D,8.75,8.25,6.25,6,2,9,7,2,8,8,9,8,2,6,10,28E,28E,28A,28E
28A,25,2,5,28,8.25,6.25,7.25,4,7,28E,6.25,8.0,8.0,6,2,10,9,7,10,10,10,9,7,9,8,28E,28E,28A,28E
28E,25,2,5,28,9.5,10.0,10.0,7,9,28A,9.5,9.75,8.75,6,2,10,10,8,10,10,10,10,8,10,10,28A,28A,28E,28A
28E,25,2,5,28,9.5,10.0,10.0,7,9,28B,8.75,9.5,9.5,6,2,10,10,8,10,10,10,10,8,10,10,28A,28A,28E,28A
28E,25,2,5,28,9.5,10.0,10.0,7,9,28C,10.0,9.0,10.0,6,2,10,10,8,10,10,10,9,9,9,10,28A,28A,28E,28A
28E,25,2,5,28,9.5,10.0,10.0,7,9,28D,9.75,9.25,8.5,6,2,10,10,8,8,7,10,10,8,10,9,28A,28A,28E,28A
29A,20,3,4,29,8.75,6.25,8.75,6,9,29C,9.0,8.5,8.0,6,1,10,10,7,10,10,10,10,7,8,8,29E,29C,29E,29E
29A,20,3,4,29,8.75,6.25,8.75,6,9,29B,8.25,6.75,8.25,5,2,10,7,6,7,4,8,8,4,7,10,29E,29C,29E,29E
29A,20,3,4,29,8.75,6.25,8.75,6,9,29D,9.0,6.25,8.75,5,1,9,10,7,10,10,10,10,7,6,8,29E,29C,29E,29E
29A,20,3,4,29,8.75,6.25,8.75,6,9,29E,10.0,9.25,10.0,6,1,9,7,5,9,10,10,9,5,9,10,29E,29C,29E,29E
29C,23,2,6,29,9.0,6.75,8.0,8,7,29D,7.25,8.0,8.0,5,5,10,5,5,5,5,6,7,7,10,10,29A,29A,29C,29A
29C,23,2,6,29,9.0,6.75,8.0,8,7,29B,9.25,8.75,9.0,6,2,8,8,9,9,9,10,10,10,10,10,29A,29A,29C,29A
29C,23,2,6,29,9.0,6.75,8.0,8,7,29A,10.0,9.5,9.75,6,1,10,10,10,10,10,10,10,10,10,10,29A,29A,29C,29A
29C,23,2,6,29,9.0,6.75,8.0,8,7,29E,10.0,10.0,10.0,6,2,10,10,10,10,10,10,10,10,10,10,29A,29A,29C,29A
31A,19,2,5,31,7.5,6.0,7.0,6,4,31B,5.5,6.0,5.5,2,1,8,6,8,6,3,6,5,8,3,4,31C,31B,31C,31B
31A,19,2,5,31,7.5,6.0,7.0,6,4,31C,8.0,7.75,5.75,4,2,8,8,5,8,6,7,7,4,6,6,31C,31B,31C,31B
31A,19,2,5,31,7.5,6.0,7.0,6,4,31E,4.75,5.0,5.0,2,4,3,0,3,1,0,2,0,2,4,4,31C,31B,31C,31B
31A,19,2,5,31,7.5,6.0,7.0,6,4,31D,5.0,5.75,7.25,2,3,5,3,5,5,5,5,3,5,5,4,31C,31B,31C,31B
28D,24,2,5,28,9.25,8.0,8.25,7,7,28A,8.75,8.25,8.5,5,3,10,8,4,7,7,9,7,5,8,8,28E,28A,28A,28B
28D,24,2,5,28,9.25,8.0,8.25,7,7,28E,7.75,8.0,8.5,5,3,10,6,6,7,7,9,7,8,8,8,28E,28A,28A,28B
28D,24,2,5,28,9.25,8.0,8.25,7,7,28C,9.5,9.75,9.5,5,3,10,7,6,7,7,10,7,6,7,8,28E,28A,28A,28B
28D,24,2,5,28,9.25,8.0,8.25,7,7,28B,9.5,8.0,9.0,5,3,10,8,6,8,8,9,7,4,9,7,28E,28A,28A,28B
31B,18,2,"2,5",31,5.75,8.0,6.0,4,6,31C,6.5,6.0,4.0,2,2,7,7,3,9,9,7,4,1,8,6,31E,31A,31C,31B
31B,18,2,"2,5",31,5.75,8.0,6.0,4,6,31D,6.0,3.75,4.25,2,3,7,3,6,4,4,8,2,6,6,6,31E,31A,31C,31B
31B,18,2,"2,5",31,5.75,8.0,6.0,4,6,31E,6.5,5.0,6.75,2,2,7,6,6,4,6,7,6,6,6,6,31E,31A,31C,31B
31B,18,2,"2,5",31,5.75,8.0,6.0,4,6,31A,6.75,3.5,5.75,2,1,7,6,7,7,8,6,6,6,7,5,31E,31A,31C,31B
34B,23,2,5,34,8.5,9.0,6.5,7,8,34C,8.75,8.5,6.75,4,3,10,8,5,7,7,10,7,5,7,7,34E,34A,34A,34A
34B,23,2,5,34,8.5,9.0,6.5,7,8,34D,9.5,8.5,10.0,4,3,10,9,8,10,8,10,8,7,7,10,34E,34A,34A,34A
34B,23,2,5,34,8.5,9.0,6.5,7,8,34A,9.5,10.0,8.25,3,1,10,10,10,10,10,10,10,10,8,8,34E,34A,34A,34A
34B,23,2,5,34,8.5,9.0,6.5,7,8,34E,9.0,8.25,6.5,4,3,10,8,7,8,8,10,8,7,10,7,34E,34A,34A,34A
34A,22,2,5,34,9.0,7.75,8.25,7,9,34B,9.0,7.5,9.0,4,1,10,10,10,10,10,10,10,10,9,9,34C,34B,34C,34B
34A,22,2,5,34,9.0,7.75,8.25,7,9,34C,7.25,9.0,8.0,5,2,10,7,7,8,3,8,6,6,10,9,34C,34B,34C,34B
34A,22,2,5,34,9.0,7.75,8.25,7,9,34E,8.0,6.75,7.0,4,2,10,7,7,9,4,9,7,7,9,8,34C,34B,34C,34B
34A,22,2,5,34,9.0,7.75,8.25,7,9,34D,9.75,7.75,10.0,4,3,10,6,7,4,4,9,6,6,8,10,34C,34B,34C,34B
34C,23,2,5,34,8.75,6.75,5.5,5,7,34D,10.0,8.5,10.0,5,4,10,7,4,8,6,6,6,3,10,10,34D,34E,34A,34A
34C,23,2,5,34,8.75,6.75,5.5,5,7,34A,10.0,9.75,9.0,5,2,10,9,5,10,7,8,7,5,10,10,34D,34E,34A,34A
34C,23,2,5,34,8.75,6.75,5.5,5,7,34E,9.5,9.0,7.75,5,2,10,10,6,10,8,8,8,7,10,7,34D,34E,34A,34A
34C,23,2,5,34,8.75,6.75,5.5,5,7,34B,10.0,9.75,8.0,5,3,10,9,5,10,7,8,7,4,10,8,34D,34E,34A,34A
34D,23,2,2,34,8.5,7.25,8.0,4,7,34E,6.75,8.0,6.75,4,3,8,6,5,8,5,7,6,5,8,8,34C,34B,34A,34A
34D,23,2,2,34,8.5,7.25,8.0,4,7,34B,7.25,7.0,6.5,4,3,9,8,6,8,8,8,8,6,6,8,34C,34B,34A,34A
34D,23,2,2,34,8.5,7.25,8.0,4,7,34C,6.75,7.25,7.0,4,4,8,5,5,5,4,6,4,4,6,4,34C,34B,34A,34A
34D,23,2,2,34,8.5,7.25,8.0,4,7,34A,8.25,8.0,8.0,4,3,9,7,6,9,7,8,7,7,9,9,34C,34B,34A,34A
29E,21,2,4,29,9.25,6.75,5.75,5,5,29B,9.0,8.25,8.75,5,2,9,6,5,6,5,7,6,6,9,8,29A,29C,29E,29E
29E,21,2,4,29,9.25,6.75,5.75,5,5,29C,8.5,7.25,8.75,5,1,10,9,8,9,8,8,7,8,9,9,29A,29C,29E,29E
29E,21,2,4,29,9.25,6.75,5.75,5,5,29A,9.25,8.25,8.0,6,2,7,6,6,6,7,7,7,7,9,9,29A,29C,29E,29E
29E,21,2,4,29,9.25,6.75,5.75,5,5,29D,7.75,7.25,7.0,5,4,6,6,5,4,4,5,5,5,8,7,29A,29C,29E,29E
28C,25,2,5,28,8.5,7.75,5.75,5,5,28D,10.0,9.5,8.5,6,2,10,7,7,10,5,10,7,8,8,10,28B,28B,28A,28A
28C,25,2,5,28,8.5,7.75,5.75,5,5,28A,10.0,9.25,10.0,6,2,10,8,8,10,10,10,8,8,8,10,28B,28B,28A,28A
28C,25,2,5,28,8.5,7.75,5.75,5,5,28B,10.0,9.5,10.0,6,2,10,9,8,10,10,10,10,8,8,10,28B,28B,28A,28A
28C,25,2,5,28,8.5,7.75,5.75,5,5,28E,10.0,9.0,10.0,6,2,10,8,8,8,8,10,8,8,10,10,28B,28B,28A,28A
29B,21,1,4,29,10.0,9.25,8.0,7,9,29A,10.0,9.25,7.25,5,1,9,8,3,7,7,8,8,8,9,10,29C,29E,29A,29A
29B,21,1,4,29,10.0,9.25,8.0,7,9,29C,9.25,9.75,9.75,5,1,8,9,8,9,9,9,8,9,9,10,29C,29E,29A,29A
29B,21,1,4,29,10.0,9.25,8.0,7,9,29E,9.25,9.25,9.5,5,1,9,9,9,3,10,9,9,9,9,10,29C,29E,29A,29A
29B,21,1,4,29,10.0,9.25,8.0,7,9,29D,9.25,5.75,6.0,5,6,7,8,8,8,8,8,8,9,7,10,29C,29E,29A,29A
29D,22,2,4,29,10.0,7.5,9.25,6,7,29A,10.0,7.5,9.5,6,1,10,10,8,9,9,9,8,6,8,8,29A,29A,29A,29E
29D,22,2,4,29,10.0,7.5,9.25,6,7,29C,9.5,7.5,9.5,5,4,9,6,6,5,5,5,4,5,8,8,29A,29A,29A,29E
29D,22,2,4,29,10.0,7.5,9.25,6,7,29E,8.75,8.5,9.5,5,4,8,5,5,5,5,7,5,5,8,8,29A,29A,29A,29E
29D,22,2,4,29,10.0,7.5,9.25,6,7,29B,9.0,7.75,8.5,5,6,6,5,5,5,5,6,4,4,7,7,29A,29A,29A,29E
35C,26,2,2,35,6.25,6.0,5.0,6,6,35A,6.0,6.0,5.5,6,2,8,7,4,7,6,6,6,4,7,6,35B,35A,35A,35D
35C,26,2,2,35,6.25,6.0,5.0,6,6,35B,6.75,5.5,5.75,6,4,6,3,4,4,3,6,4,4,6,6,35B,35A,35A,35D
35C,26,2,2,35,6.25,6.0,5.0,6,6,35D,6.0,5.0,6.0,6,5,6,2,3,3,3,4,2,3,6,6,35B,35A,35A,35D
35C,26,2,2,35,6.25,6.0,5.0,6,6,35E,5.5,4.25,6.5,6,3,4,3,4,4,4,6,4,4,4,6,35B,35A,35A,35D
36A,29,2,2,36,6.75,6.25,6.25,8,8,36B,7.5,6.25,6.75,3,1,10,10,8,10,10,10,10,7,8,5,36C,36B,36A,36A
36A,29,2,2,36,6.75,6.25,6.25,8,8,36C,5.5,6.0,4.5,5,2,7,8,6,4,8,8,8,6,8,4,36C,36B,36A,36A
36A,29,2,2,36,6.75,6.25,6.25,8,8,36D,9.25,6.0,10.0,3,3,8,8,7,9,8,7,7,7,7,10,36C,36B,36A,36A
36A,29,2,2,36,6.75,6.25,6.25,8,8,36E,7.0,5.5,7.25,4,4,7,7,7,6,6,8,9,8,6,8,36C,36B,36A,36A
36C,32,1,5,36,9.0,7.0,8.25,5,5,36A,8.25,8.5,9.75,5,2,10,9,9,10,9,8,8,7,10,10,36A,36A,36C,36C
36C,32,1,5,36,9.0,7.0,8.25,5,5,36B,5.0,5.0,5.0,1,6,5,5,5,5,5,5,5,5,5,5,36A,36A,36C,36C
36C,32,1,5,36,9.0,7.0,8.25,5,5,36E,5.0,5.0,5.0,1,6,5,5,5,5,5,5,5,5,5,5,36A,36A,36C,36C
36C,32,1,5,36,9.0,7.0,8.25,5,5,36D,5.0,5.0,5.0,1,6,0,0,0,0,0,0,0,0,5,5,36A,36A,36C,36C
35A,26,2,2,35,8.5,6.5,8.5,7,8,35B,8.75,6.5,8.75,6,4,8,6,6,10,10,7,6,6,7,7,35E,35C,35A,35E
35A,26,2,2,35,8.5,6.5,8.5,7,8,35E,9.0,7.5,9.75,6,2,10,10,7,10,10,10,8,8,7,10,35E,35C,35A,35E
35A,26,2,2,35,8.5,6.5,8.5,7,8,35C,10.0,9.25,9.25,6,2,10,10,7,10,10,10,8,8,10,10,35E,35C,35A,35E
35A,26,2,2,35,8.5,6.5,8.5,7,8,35D,9.25,10.0,9.25,6,3,10,7,7,8,6,7,7,7,10,10,35E,35C,35A,35E
35D,26,1,2,35,9.0,8.5,7.25,10,8,35A,8.0,8.25,7.0,6,3,9,8,6,9,5,8,8,6,9,9,35B,35E,35A,35B
35D,26,1,2,35,9.0,8.5,7.25,10,8,35B,9.75,8.25,8.5,6,2,9,9,8,10,8,10,9,8,10,10,35B,35E,35A,35B
35D,26,1,2,35,9.0,8.5,7.25,10,8,35C,9.5,7.5,9.0,6,4,9,6,5,6,2,8,7,4,9,9,35B,35E,35A,35B
35D,26,1,2,35,9.0,8.5,7.25,10,8,35E,10.0,7.75,10.0,6,1,10,10,7,10,10,10,10,8,8,10,35B,35E,35A,35B
35E,26,2,2,35,8.25,5.0,8.5,3,6,35A,7.5,7.0,7.5,6,2,8,7,6,6,7,8,6,6,8,8,35A,35D,35A,35B
35E,26,2,2,35,8.25,5.0,8.5,3,6,35D,6.75,8.75,7.25,6,1,10,10,7,10,10,10,10,6,10,9,35A,35D,35A,35B
35E,26,2,2,35,8.25,5.0,8.5,3,6,35C,7.25,7.5,7.75,6,2,8,4,2,2,4,7,6,2,6,9,35A,35D,35A,35B
35E,26,2,2,35,8.25,5.0,8.5,3,6,35B,8.25,8.0,7.75,6,3,8,5,1,0,0,8,5,0,8,9,35A,35D,35A,35B
35B,26,1,2,35,8.75,7.75,8.25,7,8,35A,8.0,7.0,7.25,6,3,8,8,3,7,5,7,8,3,8,8,35C,35D,35A,35A
35B,26,1,2,35,8.75,7.75,8.25,7,8,35C,8.75,8.5,7.75,6,4,9,10,7,8,6,9,9,7,8,8,35C,35D,35A,35A
35B,26,1,2,35,8.75,7.75,8.25,7,8,35E,9.0,7.25,8.0,6,3,8,9,6,8,6,8,9,7,7,8,35C,35D,35A,35A
35B,26,1,2,35,8.75,7.75,8.25,7,8,35D,8.0,8.5,8.75,6,2,10,10,8,10,7,10,10,7,7,10,35C,35D,35A,35A
36D,32,2,5,36,7.5,8.5,7.75,6,7,36A,7.5,7.25,9.0,3,3,9,9,7,9,7,9,7,7,9,9,36A,36A,36A,36A
36D,32,2,5,36,7.5,8.5,7.75,6,7,36B,5.0,5.0,5.0,1,6,5,5,5,5,5,5,5,5,5,5,36A,36A,36A,36A
36D,32,2,5,36,7.5,8.5,7.75,6,7,36C,5.0,5.0,5.0,1,6,5,5,5,5,5,5,5,5,5,5,36A,36A,36A,36A
36D,32,2,5,36,7.5,8.5,7.75,6,7,36E,5.0,5.0,5.0,1,6,5,5,5,5,5,5,5,5,5,5,36A,36A,36A,36A
36B,30,1,2,36,4.75,6.5,5.25,7,7,36A,7.5,6.0,6.25,3,1,10,9,5,9,8,9,9,6,7,6,36A,36A,36A,36A
36B,30,1,2,36,4.75,6.5,5.25,7,7,36C,5.0,5.0,5.0,1,6,4,0,2,0,0,5,0,0,5,5,36A,36A,36A,36A
36B,30,1,2,36,4.75,6.5,5.25,7,7,36D,5.0,5.0,5.0,1,6,5,0,5,0,0,5,0,5,5,5,36A,36A,36A,36A
36B,30,1,2,36,4.75,6.5,5.25,7,7,36E,5.0,5.0,5.0,1,6,5,0,5,0,0,5,0,5,5,5,36A,36A,36A,36A
37A,21,2,2,37,9.5,6.75,6.0,6,8,37B,9.0,6.75,7.75,6,3,8,7,8,8,4,7,8,8,8,8,37B,37B,37A,37A
37A,21,2,2,37,9.5,6.75,6.0,6,8,37C,7.25,8.0,7.75,2,3,8,6,3,7,4,8,6,7,8,8,37B,37B,37A,37A
37A,21,2,2,37,9.5,6.75,6.0,6,8,37D,7.75,7.0,7.25,4,3,8,6,9,6,6,8,8,8,9,9,37B,37B,37A,37A
37A,21,2,2,37,9.5,6.75,6.0,6,8,37E,7.75,7.25,7.75,2,3,7,5,4,6,6,7,4,4,7,7,37B,37B,37A,37A
37D,21,2,2,37,7.75,7.25,8.25,7,7,37A,8.5,8.0,8.5,5,3,9,7,8,6,6,7,5,7,7,7,37A,37A,37A,37A
37D,21,2,2,37,7.75,7.25,8.25,7,7,37B,5.0,5.0,5.0,1,6,3,0,4,0,0,3,0,0,5,5,37A,37A,37A,37A
37D,21,2,2,37,7.75,7.25,8.25,7,7,37C,7.75,9.0,8.0,2,4,8,6,6,4,4,8,6,7,6,8,37A,37A,37A,37A
37D,21,2,2,37,7.75,7.25,8.25,7,7,37E,6.0,5.5,6.25,3,6,5,0,4,0,0,5,1,4,6,3,37A,37A,37A,37A
37B,20,2,2,37,8.75,6.5,8.25,5,6,37A,8.5,8.0,8.5,6,3,9,9,7,9,8,8,8,7,7,8,37A,37A,37A,37A
37B,20,2,2,37,8.75,6.5,8.25,5,6,37D,7.0,6.0,6.0,1,6,6,1,6,1,1,5,5,5,6,6,37A,37A,37A,37A
37B,20,2,2,37,8.75,6.5,8.25,5,6,37C,6.0,6.0,6.75,1,6,5,1,5,1,1,5,5,5,6,7,37A,37A,37A,37A
37B,20,2,2,37,8.75,6.5,8.25,5,6,37E,6.0,6.0,5.0,1,6,6,1,5,1,1,5,1,5,6,6,37A,37A,37A,37A
37C,19,2,2,37,8.75,6.25,7.5,6,6,37A,8.25,9.0,8.0,2,2,10,8,5,8,6,6,6,5,7,8,37A,37E,37A,37A
37C,19,2,2,37,8.75,6.25,7.5,6,6,37D,8.0,8.0,6.75,2,3,8,6,5,5,5,6,5,5,7,6,37A,37E,37A,37A
37C,19,2,2,37,8.75,6.25,7.5,6,6,37E,7.5,6.25,6.5,2,1,8,7,5,7,7,8,6,5,6,7,37A,37E,37A,37A
37C,19,2,2,37,8.75,6.25,7.5,6,6,37B,5.0,5.0,5.0,1,6,5,5,5,0,0,5,5,5,6,6,37A,37E,37A,37A
37E,19,2,2,37,10.0,7.75,9.75,6,10,37A,10.0,9.5,10.0,2,3,9,6,6,6,3,9,6,6,9,10,37A,37C,37D,37A
37E,19,2,2,37,10.0,7.75,9.75,6,10,37C,10.0,10.0,9.75,2,1,8,9,2,9,9,9,9,2,8,10,37A,37C,37D,37A
37E,19,2,2,37,10.0,7.75,9.75,6,10,37B,10.0,8.75,10.0,1,6,6,0,5,0,0,6,0,5,9,10,37A,37C,37D,37A
37E,19,2,2,37,10.0,7.75,9.75,6,10,37D,10.0,10.0,10.0,2,3,8,5,5,0,0,5,5,5,10,10,37A,37C,37D,37A
